Name,Position,Number,College,Years,GP,GS
Abdullah Rabih,RB,27,Lehigh,2004,9,0
Abrams Bobby,LB,50,Michigan,1995,9,1
Acks Ron,LB,51,Illinois,1972-73,28,27
Adams Bob,TE,80,Pacific,1973-74,24,12
Adams George,RB,33,Kentucky,1990-91,18,8
Adams Julius,DE,"69,85",Texas Southern,1971-85 87,206,90
Adams Philip,DB,26,South Carolina State,2011,6,0
Adams Sam,OG,61,Prairie View,1972-80,119,90
Adams Titus,DL,62,Nebraska,2009,2,0
Addison Tom,LB,53,South Carolina,1960-67,14,11
Agnew Ray,DE,92,North Carolina State,1990-94,66,37
Aiken Danny,LS,48,Virginia,2011-14,63,0
Aiken Kamar,WR,16,Central Florida,2012,1,0
Aiken Sam,WR,88,North Carolina,2008-09,28,9
Akbar Hakim,S,29,Washington,2001,6,0
Akins Chris,S,34,Arkansas-Pine Bluff,2003,12,0
Alexander Eric,LB,"49,52",Louisiana State,2004-09,45,0
Alexander Rogers,LB,91,Penn State,1987,3,2
Allard Don,QB,12,Boston College,1962,4,
Allen Dwayne,TE,83,Clemson,2017-18,29,16
Allen Marvin,RB,39,Tulane,1988-91,37,3
Allen Ryan,P,6,Louisiana Tech,2013-18,96,0
Allen Terry,RB,22,Clemson,1999,16,13
Allen Will,CB,26,Syracuse,2012,0,0
Amendola Danny,WR,80,Texas Tech,2013-17,69,29
Andrews David,C,60,Georgia,2015-18,60,57
Andrews Darren,WR,16,UCLA,2018,0,0
Andrews Willie,DB,23,Baylor,2006-07,30,0
Andersen Jason,C,67,BYU,1998-2000,18,0
Anderson Bob,RB,33,Colorado,1975,5,0
Anderson Darren,CB,25,Toledo,1992,1,0
Anderson Mark,DE,95,Alabama,2011,16,1
Anderson Ralph,S,49,West Texas State,1973,13,11
Anderson Stephen,TE,80,California,2018,0,0
Andruzzi Joe,G,63,Southern Connecticut State,2000-04,72,72
Antrum Glenn,WR,48,Connecticut,1989,1,0
Antwine Houston,DT,65,Southern Illinois,1961-71,142,58
Armstrong Bruce,OT,78,Louisville,1987-2000,212,212
Arrington Kyle,CB,"27,24,25",Hofstra,2009-14,86,56
Arthur Mike,C,65,Texas A&M,1993-94,44,38
Ashton Josh,RB,31,Tulsa,1972-74,38,20
Ashworth Tom,OT,68,Colorado,2002-05,37,30
Atchason Jack,OE,85,Western Illinois,1960,1,
Atessis Bill,DE,73,Texas,1971,5,0
Atkinson Ricky,DB,"22,37",S. Connecticut State,1987,1,0
Avezzano Joe,OC,50,Florida State,1966,3,
Ayers Akeem,LB,55,UCLA,2014,9,4
Ayi Kole,LB,99,Massachusetts,2001,1,0Baab Mike,C,68,Texas,1988-89,31,28
Bademosi Johnson,CB,29,Stanford,2017,16,3
Bahr Matt,K,3,Penn State,1993-95,32,0
Bailey Bill,RB,37,Cincinnati,1969,2,0
Bailey Rodney,DL,96,Ohio State,2004,0,0
Bain Bill,OT,62,Southern Cal,1986,3,0
Baker Chris,TE,86,Michigan State,2009,16,7
Baker Melvin,WR,83,Texas Southern,1975,1,0
Baker Rashad,S,32,Tennessee,2006-07,13,0
Baldinger Rich,OL,74,Wake Forest,1993,15,15
Ballard Jake,TE,88,Ohio State,2012,0,0
Ballou Mike,LB,51,UCLA,1970,14,4
Banks Willie,G,78,Alcorn A&M,1973,13,1
Banta-Cain Tully,LB,"48,95",California,2003-06 09-10,85,21
Barber Kantroy,FB,46,West Virginia,1996,0,0
Barker Chris,OL,64,Nevada,2013-15,6,0
Barker Jay,QB,7,Alabama,1995,0,0
Barnard Brooks,P,8,Maryland,2003,1,0
Barner Kenjon,RB,38,Oregon,2018,5,0
Barnes Bruce,P,3,UCLA,1973-74,23,0
Barnes Pete,LB,59,Southern University,1976-77,25,18
Barnes Rodrigo,LB,59,Rice,1974-75,6,0
Barnett Harlon,S,42,Michigan State,1993-94,30,28
Barnett Troy,DE,98,North Carolina,1994-95,31,15
Barrett Josh,S,30,Arizona State,2010-12,5,4
Bartrum Mike,TE,86,Marshall,1996-99,57,0
Baty Greg,TE,"48,85",Stanford,1986-87,21,7
Baumann Charlie,K,8,West Virginia,1991-92,25,0
Bavaro David,LB,52,Syracuse,1993-94,21,5
Baxter Fred,TE,"49,84",Auburn,2002-03,13,0
Beach Walter,DB,"26,41",Central Michigan,1960-61,18,
Beadles Terrance,G,75,Arkansas Pine Bluff,2000,0,0
Bentley Ja'Whaun,LB,51,Purdue,2018,3,2
Beaudoin Doug,S,27,Minnesota,1976-79,35,20
Beauharnais Steve,LB,58,Rutgers,2013,2,0
Beer Tom,TE,82,Houston,1970-72,42,12
Beisel Monty,LB,52,Kansas State,2005,15,6
Bell Bill,K,8,Kansas,1973,3,0
Bellino Joe,RB,27,Navy,1965-67,35,1
Bennett Martellus,TE,88,Texas A&M,2016 2017,18,12
Bennett Phil,LB,52,Miami (Fla.),1960,2,
Benson Mike,WR,86,S. Connecticut State,1987,0,0
Benson Thomas,LB,53,Oklahoma,1988,12,0
Benzinger John,OL,67,Massachusetts,1987,1,0
Bequette Jake,DE,92,Arkansas,2012-13,8,0
Berger Ron,DE,88,Wayne State,1969-72,42,23
Berrios Braxton,WR,14,Miami (Fla.),2018,0,0
Beverly Randy,DB,27,Colorado State,1970-71,20,3
Bianchini Frank,RB,30,Hofstra,1987,1,0
Billups Terry,CB,23,North Carolina,1999,2,1
Biscaha Joe,OE,34,Richmond,1960,1,
Bishop Michael,QB,7,Kansas State,1999-2000,8,0
Bishop Richard,NT,64,Louisville,1976-81,85,51
Bjornson Eric,TE,86,Washington,2000,8,6
Black Mel,LB,"51,94",Eastern Illinois,1986-87,6,2
Blackmon Don,LB,55,Tulsa,1981-87,89,72
Blahak Joe,CB,21,Nebraska,1976,2,0
Blanchard Dick,LB,49,Tulsa,1972,14,1
Blanks Sid,RB,22,Texas A&I,1969-70,28,0
Bledsoe Drew,QB,11,Washington State,1993-2001,124,123
Bleier Bob,QB,10,Richmond,1987,3,2
Blount LeGarrette,RB,29,Oregon,2013 2014-16,49,22
Bodden Leigh,CB,23,Duquesne,2009-11,20,15
Bolden Brandon,RB,38,Mississippi,2012-17,83,6
Bolton Ron,DB,27,Norfolk State,1972-75,55,46
Bostic Jonathan,LB,58,Florida,2015,11,1
Boudreaux Jim,DE,64,Louisiana Tech,1966-68,12,0
Bowden Andre,LB,51,Fayetteville State,1995,0,0
Bowman Jim,S,28,Central Michigan,1985-89,73,12
Boyce Josh,WR,82,Texas Christian,2013-14,10,3
Boyd Greg,S,29,Arizona,1973,2,0
Boyd Greg,DE,65,San Diego State,1977-78,23,0
Brace Ron,DL,"92,97",Boston College,2009-12,39,7
Bradshaw Morris,WR,88,Ohio State,1982,8,5
Brady Kyle,TE,88,Penn State,2007,14,9
Brady Tom,QB,12,Michigan,2000-18,269,267
Bramlett John,LB,57,Memphis State,1969-70,24,23
Branch Alan,DL,97,Michigan,2014-17,52,39
Branch Deion,WR,"83,84",Louisville,2002-05 2010-12,89,71
Brigance O.J.,LB,59,Rice,2002,1,0
Brisby Vincent,WR,82,NE Louisiana,1993-99,83,46
Briscoe Marlin,WR,88,Nebraska-Omaha,1976,14,5
Brissett Jacoby,QB,7,North Carolina State,2016,3,2
Britt Kenny,WR,85,Rutgers,2017,3,0
Britt Wesley,T,65,Alabama,2006-08,16,2
Brock Pete,C,58,Colorado,1976-87,154,88
Brown Barry,TE-LB,66,Florida,1969-70,21,13
Brown Bill E.,LB,54,Syracuse,1960,14,
Brown Chad,LB,98,Colorado,2005 2007,17,5
Brown Corwin,S,30,Michigan,1993-96,61,14
Brown Kareem,DL,95,Miami (Fla.),2007,0,0
Brown Malcom,DL,90,Texas,2015-18,60,51
Brown Monty,LB,93,Ferris State,1996,11,7
Brown Preston,WR,81,Vanderbilt,1980-82,14,4
Brown Roger,S,47,Virginia Tech,1992,16,2
Brown Sergio,S,"38,31",Notre Dame,2010-11,26,3
Brown Sidney,CB,21,Oklahoma,1978,16,0
Brown Tarell,CB,25,Texas,2015,3,2
Brown Trent,OL,77,Florida,2018,16,16
Brown Troy,WR,"80,86",Marshall,1993-2007,192,70
Brown Vincent,LB,59,Mississippi Valley St.,1988-95,123,103
Brown Wilbert,G,60,Houston,2003,2,0
Browner Brandon,CB,39,Oregon St.,2014,9,9
Browning Dave,DE,74,Washington,1983,12,0
Bruney Fred,DB,33,Ohio State,1960-62,28,
Bruschi Tedy,LB,54,Arizona,1996-2008,189,139
Bryant Hubie,WR,84,Minnesota,1971-72,12,2
Buben Mark,DL,63,Tufts,1979 1981,32,4
Buchanan Michael,DL,99,Illinois,2013-14,18,0
Buckley Terrell,CB,"27,22",Florida State,2001-02,31,3
Bugenhagen Gary,OT-G,67,Syracuse,1969-70,10,6
Buoniconti Nick,LB,85,Notre Dame,1962-68,91,20
Burgess Derrick,LB,53,Mississippi,2009,16,6
Burgess Prescott,LB,93,Michigan,2009,0,0
Burke John,TE,85,Virginia Tech,1994-96,43,12
Burkhead Rex,RB,34,Nebraska,2017-18,18,7
Burks Steve,WR,82,Arkansas State,1975-77,34,1
Burton Ron,RB,22,Northwestern,1960-65,69,
Bussey George,OL,66,Louisville,2009,0,0
Butler Adam,DL,70,Vanderbilt,2017-18,32,6
Butler Darius,CB,28,Connecticut,2009-10,29,8
Butler Malcolm,CB,21,West Alabama,2014-17,59,48
Butts Marion,RB,44,Florida State,1994,16,15
Byars Keith,FB,41,Ohio State,1996-97,26,14
Byrd Dennis,DT,78,North Carolina State,1968,14,14
Cade Eddie,S,41,Arizona State,1995,10,0
Cadet Travaris,RB,39,Appalachia State,2015,1,0
Cagle John,DT-LB-G,62,Clemson,1969,6,1
Calabria Steve,QB,18,Colgate,1987,1,0
Caldwell Reche,WR,87,Florida,2006,16,14
Calhoun Don,RB,44,Kansas State,1975-81,94,49
Calloway Chris,WR,82,Michigan,2000,7,2
Camarillo Rich,P,3,Washington,1981-87,85,0
Canale Justin,OG,63,Mississippi State,1965-68,56,14
Canale Whit,DE,67,Tennessee,1968,13,0
Cannon Marcus,OL,61,Texas Christian,2011-18,100,54
Canty Chris,CB,26,Kansas State,1997-98,32,10
Cappadona Bob,RB,33,Northeastern,1966-67,27,3
Cappelletti Gino,WR-K-DB,20,Minnesota,1960-70,153,
Cardona Joe,LS,49,Navy,2015-18,64,0
Carey Brian,WR,81,American International,1987,2,0
Carlson Jeff,QB,17,Weber State,1992,3,2
Carpenter Bobby,LB,59,Ohio State,2012,4,0
Carpenter Rob,WR,81,Syracuse,1991,8,1
Carter Allen,RB,21,Southern Cal,1975-76,15,0
Carter Andre,DE,"93,96",California,2011 2013,23,14
Carter Chris,FS,42,Texas,1997-99,47,15
Carter Kent,LB,51,Southern Cal,1974,2,0
Carter Tony,FB,30,Minnesota,1998-2000,43,27
Carter Tony,CB,29,Florida State,2010,3,0
Carthen Jason,LB,99,Ohio,1993-94,5,0
Carwell Larry,DB,41,Iowa State,1969-72,51,38
Cash Rick,DT,63,N.E. Missouri,1972-73,28,27
Casillas Jonathan,LB,52,Wisconsin,2014,8,3
Cassel Matt,QB,16,Southern Cal,2005-08,30,15
Catanho Alcides,LB,54,Rutgers,1995,12,0
Cavanaugh Matt,QB,12,Pittsburgh,1978-82,52,15
Caveness Ron,LB,51,Arkansas,1968-69,,
Centers Larry,FB,31,Stephen F. Austin,2003,9,3
Chandler Al,TE,"57,82",Oklahoma,1976-79,39,6
Chandler Edgar,LB,50,Georgia,1973,12,11
Chandler Scott,TE,88,Iowa,2015,15,4
Chapple Dave,P,10,UC-Santa Barbara,1974,5,0
Charles John,DB,25,Purdue,1967-69,39,37
Chatham Matt,LB,58,South Dakota,2000-05,66,4
Cherry Je'Rod,S,30,California,2001-04,55,0
Cherry J'Juan,CB,32,Arizona State,1999,0,0
Cheyunski Jim,LB,50,Syracuse,1968-72,66,55
Childress Bam,WR,13,Ohio State,2005-06,3,0
Childress Fred,OG,61,Arkansas,1991,15,1
Chilton Gene,C,63,Texas,1990-92,36,35
Christy Richard,RB,23,North Carolina,1960,13,
Chung Eugene,OL,69,Virginia Tech,1992-94,34,30
Chung Patrick,S,"25,23",Oregon,2009-12 2014-18,128,100
Cindrich Ralph,LB,55,Pittsburgh,1972,12,3
Claridge Ryan,LB,47,UNLV,2005,0,0
Clark Allan,RB,35,Northern Arizona,1979-80,27,0
Clark Gail,LB,54,Michigan State,1974,8,0
Clark Phil,DB,22,Northwestern,1971,2,0
Clark Rico,CB,39,Louisville,1999,1,0
Clark Steve,DE,65,Kansas State,1981,7,0
Clay Willie,FS,32,Georgia Tech,1996-98,48,48
Clayborn Adrian,DE,94,Iowa,2018,14,1
Clayborn Raymond,CB,26,Texas,1977-89,191,165
Clayton Stan,OT,76,Penn State,1990,11,3
Cleeland Cameron,TE,85,Washington,2002,12,1
Cleveland Asante,TE,44,Miami (Fla.),2015,4,1
Clayton Thomas,RB,22,Kansas State,2010,1,0
Cloud Michael,RB,21,Boston College,2003 2005,11,1
Cloutier Dave,DB,28,Maine,1964,12,
Coates Ben,TE,87,Livingstone,1991-99,142,105
Cobbs Cedric,RB,34,Arkansas,2004,4,0
Cobbs Duffy,DB,43,Penn State,1987,3,0
Coffey Wayne,WR,83,SW Texas State,1987,3,2
Cohen Abe,OG,62,Tennessee-Chattanooga,1960,14,
Cohen Landon,DL,"66,98",Ohio,2010 2011,3,1
Colclough Jim,WR,81,Boston College,1960-68,124,6
Cole Marquice,CB,23,Northwestern,2012-13,27,1
Coleman Corey,WR,10,Baylor,2018,0,0
Coleman Dennis,LB,53,Mississippi,1971,8,0
Coleman Eric,DB,22,Wyoming,1989-90,15,0
Coleman Fred,WR,84,Washington,2001-02,9,0
Coleman Justin,DB,22,Tennessee,2015-16,20,3
Coleman Pat,WR,47,Mississippi,1990,1,0
Collie Austin,WR,10,BYU,2013,7,1
Collins Jamie,LB,91,Southern Mississippi,2013-16,50,41
Collins Todd,LB,"54,59",Carson-Newman,1992-94 96-98,76,53
Collins Tony,RB,33,East Carolina,1981-87,102,83
Collons Ferric,DE,92,California,1995-99,64,27
Colon Harry,S,40,Missouri,1991,16,14
Colton George,OT,63,Maryland,1987,3,3
Colvin Rosevelt,LB,59,Purdue,2003-08,65,42
Compton Mike,C-G,77,West Virginia,2001-03,34,34
Condon Tom,OG,63,Boston College,1985,1,0
Conn Dick,S,22,Georgia,1975-79,45,1
Connolly Dan,OL,63,Southeast Missouri State,2008-14,85,71
Cook Marv,TE,"46,85",Iowa,1989-93,80,59
Cooks Brandin,WR,14,Oregon State,2017,16,15
Cooks Terrence,LB,58,Nicholls State,1989,3,0
Cooper Jonathan,G,65,North Carolina,2016,0,0
Corbett Steve,OG,62,Boston College,1975,14,0
Corcoran Jim,QB,15,Maryland,1968,2,0
Corsetti Rico,LB,93,Bates,1987,2,0
Costict Ray,LB,55,Mississippi State,1977-79,46,7
Cottrell Dana,LB,45,Syracuse,1998,2,0
Cowan Larry,RB,44,Jackson State,1982,6,0
Cox Bryan,LB,51,Western Illinois,2001,11,7
Cox Christian,LB,47,Utah,2011,0,0
Crable Shawn,LB,98,Michigan,2008-10,6,0
Crabtree Eric,WR,10,Pittsburgh,1971,6,4
Crawford Elbert,OL,65,Arkansas,1990-91,30,16
Crawford Jim,RB,30,Wyoming,1960-64,54,
Crawford Vernon,LB,99,Florida State,1997-99,41,1
Creswell Smiley,DE,92,Michigan State,1985,0,0
Crittenden Ray,WR,81,Virginia Tech,1993-94,32,4
Croom Corey,RB,26,Ball State,1993-95,43,2
Cross Bob,OT,77,Kilgore C.C.,1960,4,
Crossen Keion,DB,35,Western Carolina,2018,11,0
Croston Cole,OL,74,Iowa,2017-18,5,0
Crouthamel Jake,RB,34,Dartmouth,1960,2,
Crow Albert,DT,72,William & Mary,1960,3,
Crump George,DE,91,East Carolina,1982-83,9,0
Crump Harry,RB,31,Boston College,1963,14,
Crumpler Alge,TE,82,North Carolina,2010,16,10
Cryder Bob,OG,75,Alabama,1978-83,75,36
Cudzik Walt,OC,54,Purdue,1960-63,56,
Cullors Derrick,RB,29,Murray State (Ky),1997-99,31,1
Cunningham Jay,DB,21,Bowling Green,1965-67,40,1
Cunningham Jermaine,DE,96,Florida,2010-12,36,14
Cunningham Sam,RB,39,Southern Cal,1973-79 81-82,107,94
Currier Bill,DB,28,South Carolina,1980,16,0
Cusick Pete,NT,76,Ohio State,1975,13,0
Dalton Antico,LB,93,Hampton,2000,3,0
Damkroger Maury,LB,51,Nebraska,1974,11,0
Danenhauer Bill,DE,77,Emporia,1960,3,
Davey Rohan,QB,6,Louisiana State,2002-04,7,0
Davis Adam,G,61,Oklahoma State,2000,0,0
Davis Andre',WR,18,Virginia Tech,2005,9,4
Davis Don,LB,51,Kansas,2003-06,59,2
Davis Elgin,RB,40,Central Florida,1987-88,9,0
Davis Greg,K,5,Citadel,1989,9,0
Davis Ja'Gared,LB,53,Southern Methodist,2013-14,4,0
Davis Jack,OG,65,Maryland,1960,14,
Davis Kanorris,S,36,Troy,2013,3,0
Davis Keionta,DL,"42, 58",Tennessee-Chattanooga,2017-18,6,3
Davis Shockmain,WR,84,Angelo State,2000,12,1
Dawson Bill,TE-DE,83,Florida State,1965,9,
Dawson Duke Jr.,DB,29,Florida,2018,0,0
Dawson Lin,TE,87,N.C. State,1981-90,105,75
Deaderick Brandon,DL,71,Alabama,2010-12,34,14
Dee Bob,DE,89,Holy Cross,1960-67,112,112
Dellenbach Jeff,C,66,Wisconsin,1995,15,5
Delucca Gerry,OT,74,Middle Tennessee State,1960-64,19,
Demps Jeff,RB,42,Florida,2012,0,0
Dennard Alfonzo,CB,37,Nebraska,2012-14,29,20
DeOssie Steve,LB,99,Boston College,1994-95,32,0
Denson Damon,G,61,Michigan,1997-99,14,4
Derby AJ,TE,86,Arkansas,2015-16,4,0
DeRiggi Fred,DT,71,Syracuse,1990,2,0
Develin James,FB,46,Brown,2012-18,81,29
Devey Jordan,OL,65,Memphis,2014,7,4
DeVree Tyson,TE,85,Colorado,2008,2,0
Dillon Corey,RB,28,Washington,2004-06,43,37
Dimitroff Tom,QB,15,Miami (Ohio),1960,3,
Discenzo Tony,OT,76,Michigan State,1960,5,
Dobson Aaron,WR,17,Marshall,2013-15,24,13
Doig Steve,LB,59,New Hampshire,1986-87,6,0
Dombroski Paul,DB,47,Linfield,1981-84,36,0
Donnalley Kevin,DB,23,N. Dakota State,1981,1,0
Dorsett Phillip,WR,13,Miami (Fla.),2017-18,31,4
Dorsey Nate,DE,66,Mississippi Valley St.,1973,2,0
Douglas David,G,67,Tennessee,1989-90,16,6
Dowling Brian,QB,14,Yale,1972-73,25,0
Dowling Ras-I,CB,21,Virginia,2011-12,9,2
Dressler Doug,RB,44,Chico State,1975,5,0
Dukes Mike,LB,54,Clemson,1964-65,25,
DuLac Bill,OG,68,Eastern Michigan,1974-75,26,2
Dumler Doug,OC,58,Nebraska,1973-75,42,3
Dupard Reggie,RB,21,Southern Methodist,1986-89,37,7
Durko Sandy,S,22,Southern Cal,1973-74,25,18
Dwight Tim,WR,86,Iowa,2005,16,1
Dykes Hart Lee,WR,88,Oklahoma State,1989-90,26,16
Easley Dominique,DL,"74,99",Florida,2014-15,22,3
Eason Tony,QB,11,Illinois,1983-89,72,49
Eaton Chad,DT,90,Washington State,1996-2000,65,44
Ebner Nate,DB,43,Ohio State,2012-18,97,0
Eckel Kyle,FB,38,Navy,2007,12,0
Edds A.J.,LB,90,Iowa,2011,2,0
Edelman Julian,WR,11,Kent State,2009-18,115,74
Edmonds Randy,LB,51,Georgia Tech,1971,14,0
Edwards Marc,FB,44,Notre Dame,2001-02,32,23
Edwards Robert,RB,47,Georgia,1998-2000,16,15
Edwards Tim,DE,98,Delta State,1992,14,1
Egu Patrick,RB,33,Nevado-Reno,1989,7,0
Eisenhauer Larry,DE,72,Boston College,1961-69,115,
Eitzmann Chris,TE,86,Harvard,2000,5,1
Ellard Henry,WR,17,Fresno State,1998,5,0
Elliott Jamin,WR,10,Delaware,2003,1,0
Ellis Ed,T,66,Buffalo,1997-1999,9,1
Ellis Shaun,DE,94,Tennessee,2011,14,10
Ellison Jerry,RB,35,Tennessee-Chattanooga,1999,12,0
Emanuel Bert,WR,87,Rice,2001,2,1
Evans Heath,FB,44,Auburn,2005-08,54,9
Fairchild Paul,OG,66,Kansas,1984-90,84,38
Falcon Terry,OG,68,Montana,1978-79,18,0
Farmer Lonnie,LB,55,Tennessee-Chattanooga,1964-66,31,
Farrell Sean,OG,62,Penn State,1987-90,43,43
Faulk Kevin,RB,33,Louisiana State,1999-2011,161,47
Fauria Christian,TE,88,Colorado,2002-05,64,46
Feacher Ricky,WR,83,Mississippi Valley St.,1976,3,0
Feagles Jeff,P,6,Miami (Fla.),1988-89,32,0
Feehery Gerry,G,63,Syracuse,1989,0,0
Feggins Howard,CB,36,UNC-Charlotte,1989,11,0
Feldhausen Paul,OT,66,Northland,1968-69,2,0
Fells Daniel,TE,86,UC Davis,2012,13,4
Felt Dick,DB,24,Brigham Young,1962-66,52,
Ferentz James,OL,66,Iowa,2018,2,0
Ferguson Vagas,RB,43,Notre Dame,1980-82,31,21
Fleming Cameron,OL,71,Stanford,2014-17,47,20
Fleming Darius,LB,"58,48,53",Notre Dame,2014-15,11,0
Flemister Zeron,TE,46,Iowa,2004,0,0
Fletcher Bradley,CB,24,Iowa,2015,2,0
Fletcher Dane,LB,52,Montana State,2010-13 15,38,6
Fletcher Derrick,OL,64,Baylor,1999,2,2
Flick Tom,QB,10,Washington,1982,3,0
Flowers Marquis,LB,59,Arizona,2017,16,2
Flowers Trey,DL,98,Arkansas,2015-18,46,37
Floyd Chris,FB,37,Michigan,1998-2000,40,2
Floyd Michael,WR,14,Notre Dame,2016,2,1
Flutie Doug,QB,2,Boston College,1987-89 2005,22,13
Fontenot Chris,TE,85,McNeese State,2000,0,0
Foreman Chuck,RB,22,Miami (Fla.),1980,16,0
Forston Marcus,DL,98,Miami (Fla.),2012-13,4,0
Forte Ike,RB,38,Arkansas,1976-77,23,1
Foster D.J.,RB,27,Arizona State,2016,3,0
Foster Will,LB,55,Eastern Michigan,1973-74,21,1
Fox Tim,S,48,Ohio State,1976-81,91,91
Frain Todd,TE,"44,85",Nebraska,1987,3,2
Francis Justin,DL,94,Rutgers,2012,10,0
Francis Russ,TE,81,Oregon,1975-80 87-88,92,83
Franklin Arnold,TE,87,North Carolina,1987,14,0
Franklin Tony,K,1,Texas A&M,1984-87,62,0
Fraser Jim,LB-P,51,Wisconsin,1966,14,
Frazier Charley,WR,81,Texas Southern,1969-70,23,13
Freeman Arturo,S,25,South Carolina,2005,2,1
Freeny Jonathan,LB,"55,44",Rutgers,2015-16 2017,19,11
Friesz John,QB,17,Idaho,1999-2000,2,0
Frisch David,TE,88,Colorado State,1995,2,0
Fryar Irving,WR,80,Nebraska,1984-92,129,104
Fullington Darrell,S,29,Miami (Fla.),1991,5,0
Funchess Tom,OT,73,Jackson State,1968-70,39,39
Fussell Tom,DE,83,Louisiana State,1967,12,2
Gabriel Doug,WR,85,Central Florida,2006,12,5
Gadbois Dennis,WR,"48,82",Boston University,1987-88,5,1
Gaffney Jabar,WR,10,Florida,2006-08,43,20
Gaffney Tyler,RB,36,Stanford,2014-15,0,0
Gaiter Tony,WR,17,Miami (Fla.),1997-98,1,0
Gallaher Allen,OT,64,Southern Cal,1974,14,0
Galloway Joey,WR,13,Ohio State,2009,3,2
Gamble R.C.,RB,13,South Carolina State,1968-69,27,14
Gambol Chris,OL,74,Iowa,1990,16,15
Gannon Chris,DE,91,SW Louisiana,1990-93,36,3
Garcia Teddy,K,7,NE Louisiana,1988,16,0
Garcia Tony,OL,63,Troy,2017,0,0
Gardin Ron,WR,37,Arizona,1971,8,0
Gardner Barry,LB,47,Northwestern,2006,0,0
Garoppolo Jimmy,QB,10,Eastern Illinois,2014-17,17,2
Garrett Carl,RB,30,New Mexico Highlands,1969-72,51,42
Garrett J.D.,RB,32,Grambling State,1964-67,40,0
Garron Larry,RB,40,Western Illinois,1960-68,99,12
Gash Sam,RB,33,Penn State,1992-97,88,36
Gay Randall,CB,21,Louisiana State,2004-07,39,14
Geddes Bob,LB,59,UCLA,1973-75,24,6
George Tony,S,41,Florida,1999-2000,31,1
Germany Willie,S,29,Morgan State,1976,10,0
Gibson Brandon,WR,13,Washington State,2015,0,0
Gibson Ernest,CB,43,Furman,1984-88,67,14
Gillen John,LB,54,Illinois,1983,8,0
Gillislee Mike,RB,35,Florida,2017,9,2
Gilmore Stephon,CB,24,South Carolina,2017-18,29,29
Gipson Paul,RB,46,Houston,1973,5,0
Gisler Mike,G,67,Houston,1993-97,73,7
Givens David,WR,87,Notre Dame,2002-05,53,27
Gladieux Bob,RB,24,Notre Dame,1969-72,43,5
Glenn Terry,WR,88,Ohio State,1996-2001,68,63
Glenn Vencie,DB,25,Indiana State,1986,4,0
Goad Tim,NT,72,North Carolina,1988-94,109,105
Gogolak Charlie,K,7,Princeton,1970-72,26,0
Golden Tim,LB,59,Florida,1982-84,40,1
Golic Bob,LB,51,Notre Dame,1979-81,33,12
Gonzalez Noe,RB,38,SW Texas State,1974,2,0
Gordon Cameron,LB,45,Michigan,2014,0,0
Gordon Josh,WR,10,Baylor,2018,11,11
Gordon Steve,OL,66,California,1992-93,0,0
Gordon Tim,S,41,Tulsa,1991-92,21,15
Gorin Brandon,T,76,Purdue,2003-05,32,18
Gostkowski Stephen,K,3,Memphis,2006-18,200,0
Graff Neil,QB,15,Wisconsin,1974-75,25,2
Graham Art,WR,84,Boston College,1963-68,75,17
Graham Daniel,TE,82,Colorado,2002-06,63,49
Graham Hason,WR,81,Georgia,1995-96,19,1
Graham Milt,OT,70,Colgate,1961-63,28,
Graham Shayne,K,5,Virginia Tech,2010,8,0
Granby John,DB,25,Virginia Tech,1992,0,0
Grant Rupert,FB,34,Howard,1995,7,1
Gravely Maurice,FS,23,Concord College,1987,1,0
Graves White,DB,44,Louisiana State,1965-67,40,0
Gray Jonas,RB,35,Notre Dame,2014,8,3
Gray Leon,OT,70,Jackson State,1973-78,78,77
Green David,RB,38,Boston College,1995,2,0
Green Jarvis,DE,97,Louisiana State,2002-09,121,46
Green Jerry,RB,45,Georgia Tech,1960,2,
Green Justin,DB,41,Illinois,2013,2,0
Green Victor,S,27,Akron,2002,16,5
Green-Ellis BenJarvus,RB,42,Mississippi,2008-11,53,20
Greene Tom,QB,14,Holy Cross,1960,10,
Gregory Steve,S,28,Syracuse,2012-13,26,23
Grier Marrio,RB,35,Tennessee-Chattanooga,1996-97,32,0
Griffith Richard,TE,88,Arizona,1993,3,0
Grigsby Nicholas,LB,50,Pittsburgh,2017-18,14,0
Grimes Reggie,DE,97,Alabama,2000,8,0
Grissom Cory,DL,67,South Florida,2013,0,0
Grissom Geneo,DL,"92, 96",Oklahoma,2015-18,37,0
Grogan Steve,QB,14,Kansas State,1975-90,149,131
Gronkowski Dan,TE,82,Maryland,2011,5,1
Gronkowski Rob,TE,87,Arizona,2010-18,115,100
Gutierrez Matt,QB,7,Idaho State,2007-08,5,0
Guy Lawrence,DL,93,Arizona State,2017-18,32,30
Guyton Gary,LB,"58,59",Georgia Tech,2008-11,60,32
Guyton Myron,SS,29,Eastern Kentucky,1994-95,30,30
Guzik John,NT,97,Ohio,1987,3,2
Hagen Halvor,G-DE,62,Weber State,1971-72,26,15
Haggerty Mike,OT-DE,75,Miami (Ohio),1971,14,13
Haley Darryl,OG,68,Utah,1982-84 86,57,24
Hall Ron,DB,23,Missouri Valley,1961-67,88,3
Hamilton Bobby,DE,91,Southern Mississippi,2000-03,64,62
Hamilton Ray,DE,71,Oklahoma,1973-81,132,117
Hamilton Woodrow,DL,74,Mississippi,2016,2,1
Hammond Kim,QB,15,Florida State,1969-70,4,0
Hannah John,OG,73,Alabama,1973-85,183,183
Hankerson Leonard,WR,15,Miami (Fla.),2015,1,0
Hanneman Craig,DE,74,Oregon State,1974-75,20,3
Hansen Brian,P,10,Sioux Falls,1990,16,0
Hansen Bruce,RB,24,Brigham Young,1987,6,2
Hansen Chad,WR,16,California,2018,0,0
Hanson Chris,P,6,Marshall,2007-09,48,0
Harbor Clay,TE,81,Missouri State,2016,3,0
Hare Eddie,P,8,Tulsa,1979,16,0
Harlow Pat,OT,77,Southern Cal,1991-95,74,64
Harmon Duron,DB,"30, 21",Rutgers,2013-18,95,21
Harper Chris,WR,14,California,2015,5,0
Harris Antwan,CB,23,Virginia,2000-03,52,2
Harris David,LB,45,Michigan,2017,10,6
Harris Marshall,DE,78,Texas Christian,1983,6,2
Harris Raymont,RB,29,Ohio State,2000,1,0
Harris Rickie,DB,25,Arizona,1971-72,28,21
Harris Ronnie,WR/PR/KR,84,Oregon,1993-94,6,0
Harrison James,LB,92,Kent State,2017,1,0
Harrison Rodney,S,37,Western Illinois,2003-08,63,62
Hartley Ken,P,7,Catawba,1981,2,0
Harvey Richard,LB,58,Tulane,1990,16,9
Hasselbeck Don,TE,80,Colorado,1977-83,86,27
Hauck Tim,FS,40,Montana,1990,10,0
Hauser Art,DT,67,Xavier,1960,8,
Hawkins Artrell,DB,25,Cincinnati,2005-06,19,16
Hawkins Mike,OLB,59,Texas A&I,1978-81,59,45
Hawkins Steve,WR,80,Western Michigan,1994,7,0
Hawthorne Greg,WR/RB,27,Baylor,1984-86,43,11
Hayes Chris,S,29,Washington State,2002,4,0
Hayes Donald,WR,81,Wisconsin,2002,12,1
Hayman Conway,OG,65,Delaware,1972,0,0
Haynes Mike,CB,40,Arizona State,1976-82,90,86
Haynesworth Albert,DL,92,Tennessee,2011,6,0
Henderson Jerome,CB,36,Clemson,1991-93 1996,39,10
Hendley David,DB,28,S. Connecticut State,1987,2,0
Henke Karl,OT,80,Tulsa,1969,10,7
Hennessey Tom,DB,30,Holy Cross,1965-66,28,
Henson Luther,NT,70,Ohio State,1982-84,21,2
Herline Alan,P,6,Vanderbilt,1987,3,0
Herman Brad,TE,82,Iowa,2012,0,0
Hernandez Aaron,TE,"85,81",Florida,2010-12,38,29
Herock Ken,LB,36,West Virginia,1969,6,0
Herron Mack,RB,42,Kansas State,1973-75,35,20
Hicks Akiem,DL,72,Regina,2015,13,0
Hightower Dont'a,LB,54,Alabama,2012-18,87,84
Hill Jeremy,RB,33,Louisiana State,2018,1,0
Hill Marquise,DL,91,Louisiana State,2004-06,13,0
Hill Troy,CB,41,Oregon,2015,0,0
Hilliard Lex,RB,30,Montana,2012,2,0
Hinton Eddie,WR,82,Oklahoma,1974,9,1
Hitchcock Jimmy,CB,31,North Carolina,1995-97,37,20
Hix Kyle,OL,69,Texas,2011-12,0,0
Hobbs Ellis,CB,27,Iowa State,2005-08,63,49
Hobby Marion,DE,60,Tennessee,1990-92,42,8
Hochstein Russ,G,71,Nebraska,2002-08,92,20
Hodge Milford,DE,97,Washington State,1986-89,49,8
Hodson Tommy,QB,13,Louisiana State,1990-92,32,12
Hoey George,DB,23,Michigan,1972-73,25,18
Hogan Chris,WR,15,Monmouth,2016-18,40,28
Holcomb Sean,LB,60,Texas A&I,1995,0,0
Hoollister Cody,WR,81,Arkansas,2018,0,0
Hollister Jacob,TE,47,Wyoming,2017-18,23,2
Holloway Brian,OT,76,Stanford,1981-86,88,77
Holmberg Rob,LB,50,Penn State,2000,18,5
Holmes Darryl,FS,41,Ft. Valley State,1987-89,44,3
Holmes Ernie,NT,63,Texas Southern,1978,3,0
Holsey Bernard,DL,99,Duke,2002,8,0
Hoomanawanui Michael,TE,47,Illinois,2012-15,45,28
Howard Bob,CB,24,San Diego State,1975-77,37,15
Howard David,LB,99,Long Beach State,1991-92,32,15
Hoyer Brian,QB,"8,2",Michigan State,2009-11 2017-18,23,0
Huard Damon,QB,19,Washington,2001-03,4,0
Huarte John,QB,7,Notre Dame,1966-67,18,0
Hubach Mike,P,6,Kansas,1980-81,21,0
Hudson Bill,DT,61,Clemson,1965,4,4
Humber Ramon,LB,50,North Dakota State,2018,6,0
Hunt Jim Lee,DT,79,Prairie View,1960-70,146,55
Hunt Kevin,OT,62,Doane,1973,1,0
Hunt Sam,LB,50,Stephen F. Austin,1974-79,84,82
Hunter Ivy Joe,RB,45,Kentucky,1991,13,10
Hurst Maurice,CB,37,Southern,1989-95,104,101
Hutson Brian,SS,36,Mississippi State,1990,2,0
Hyland Bob,OC,60,Boston College,1977,3,0
Ihedigbo James,S,44,Massachusetts,2011,16,12
Ilg Ray,LB,45,Colgate,1967-68,28,3
Imhof Martin,DE,64,San Diego State,1975,5,3
Ingram Brian,LB,51,Tennessee,1982-85,39,0
Ingram Jake,LS,47,Hawaii,2009-10,24,0
Iosefa Joey,RB,47,Hawaii,2015,2,0
Irwin Heath,G,63,Colorado,1996-99,44,16
Isaia Sale,G,72,UCLA,2000,16,14
Israel Steve,CB,21,Pittsburgh,1997-99,29,20
Ivory Horace,RB,23,Oklahoma,1977-81,45,12
Ivy Corey,CB,28,Oklahoma,1999,0,0
Iwuoma Chidi,CB,29,California,2006,3,0
Izzo Larry,LB,53,Rice,2001-08,127,0
Izzo Ryan,TE,85,Florida State,2018,0,0
Jackson Chad,WR,17,Florida,2006-07,14,1
Jackson Curtis,WR,82,Texas A&M,2000,7,2
Jackson Eddie,CB,29,Arkansas,2007,3,0
Jackson Harold,WR,29,Jackson State,1978-81 87,64,62
Jackson Honor,DB,29,Pacific,1972-73,20,12
Jackson J.C.,DB,27,Maryland,2018,13,5
Jackson Steven,RB,39,Oregon State,2015,2,1
Jackson Tre',G,63,Florida State,2015-16,13,9
Jacobs Harry,DE-LB,83,Bradley,1960-62,23,
Jacobs Ray,DT,87,Howard Payne,1969,8,5
Jagielski Harry,DT,73,Indiana,1960-61,19,
James Craig,RB,32,Southern Methodist,1984-88,52,33
James Roland,SS,38,Tennessee,1980-90,145,122
Janik Tom,DB-P,21,Texas A&I,1969-71,42,3
Jarostchuk Ilia,LB,50,New Hampshire,1990,12,1
Jarvis Ray,WR,87,Norfolk State,1979,7,0
Jean Francois Ricky,DL,94,Louisiana State,2017,6,1
Jefferson Shawn,WR,84,Central Florida,1996-99,63,61
Jelks Andrew,OL,76,Vanderbilt,2017,0,0
Jells Dietrich,WR,83,Pittsburgh,1996-97,18,1
Jenkins Ed,RB,30,Holy Cross,1974,3,0
Jeter Gary,DE,99,Southern Cal,1989,14,0
John Ulrick,OL,67,Georgia State,2018,0,0
Johnson Andy,RB,32,Georgia,1974-81,94,43
Johnson Anthony,DL,96,Louisiana State,2016,4,1
Johnson Bethel,WR,81,Texas A&M,2003-05,39,7
Johnson Billy,DB,47,Nebraska,1966-69,32,4
Johnson Charles,WR,81,Colorado,2001,14,2
Johnson Damaris,WR,15,Tulsa,2015,1,0
Johnson Damian,OG,68,Kansas State,1990,16,16
Johnson Daryl,DB,23,Morgan State,1968-71,42,41
Johnson Ellis,RB,38,S.E. Louisiana,1965-66,28,
Johnson Garrett,NT,60,Illinois,2000,8,2
Johnson Joe,OE,24,Boston College,1960-61,13,
Johnson Lee,P,10,Brigham Young,1999-2001,37,0
Johnson Leonard,DB,34,Iowa State,2015,4,3
Johnson Mario,DL,98,Missouri,1993,6,0
Johnson Olrick,LB,51,Florida A&M,2000,12,0
Johnson Preston,RB,48,Florida A&M,1968,3,0
Johnson Rufus,LB,59,Tarleton State,2015,1,0
Johnson Steve,TE,85,Virginia Tech,1988,14,3
Johnson Ted,LB,52,Colorado,1995-2004,117,104
Jones Aaron,DE,97,Eastern Kentucky,1993-95,37,1
Jones Cedric,WR,83,Duke,1982-90,120,37
Jones Chandler,DE,95,Syracuse,2012-15,55,52
Jones Chris,DT,94,Bowling Green,2013-15,28,23
Jones Cyrus,CB,"24,41",Alabama,2016-18,12,1
Jones Don,S,29,Arkansas State,2014,9,0
Jones Ezell,OT,74,Minnesota,1969-70,15,0
Jones Jonathan,CB,31,Auburn,2016-18,48,10
Jones Kenyatta,T,74,South Florida,2001-02,18,11
Jones Mike,DE,96,North Carolina State,1994-97,61,37
Jones Nate,DB,23,Rutgers,2011,5,1
Jones Tebucky,DB,34,Syracuse,1998-2002 06,72,36
Jones Todd,OL,63,Texas A&M,1993,4,0
Jordan LaMont,RB,32,Maryland,2008,8,0
Jordan Shelby,OT,74,Washington (Mo.),1975 77-82,95,87
Jordan Tim,LB,93,Wisconsin,1987-89,30,10
Kaczur Nick,T,77,Toledo,2005-10,68,62
Kadziel Roin,LB,52,Stanford,1972,14,1
Kamalu Ufomba,DL,97,Miami (Fla.),2018,2,0
Kapp Joe,QB,11,California,1970,11,10
Karras Ted,G,75,Illinois,2016-18,45,5
Kasper Kevin,WR,10,Iowa,2004,8,0
Katula Matt,LS,48,Wisconsin,2010,8,0
Katzenmoyer Andy,LB,59,Ohio State,1999-2001,24,14
Kecman Dan,LB,45,Maryland,1970,1,0
Keeton Durwood,S,29,Oklahoma,1975,12,0
Kelley Ethan,DL,99,Baylor,2004,1,0
Kelly Ben,CB-KR,31,Colorado,2001-02,9,0
Kelly Tommy,DL,93,Mississippi State,2013,5,5
Kerrigan Mike,QB,19,Northwestern,1983-84,2,0
Key David,S,26,Michigan,1991,3,0
Khayat Ed,DT,73,Tulane,1966,14,
Kight Kelvin,WR,19,Florida,2006,4,1
Kilgo Darius,DL,96,Maryland,2016,0,0
Kimber Bill,OE,86,Florida State,1961,4,
Kinchen Brian,LS,46,Louisiana State,2003,2,0
Kiner Steve,LB,57,Tennessee,1971 73,28,28
King Brandon,DB/LB,36,Auburn,2015-18,57,0
King Claude,RB,41,Houston,1962,14,
King Steve,LB,52,Tulsa,1973-81,124,40
Kingsbury Kliff,QB,16,Texas Tech,2003,0,0
Kitchen Ishmaa'ily,DL,70,Kent State,2015,1,0
Klecko Dan,DL,90,Temple,2003-05,29,3
Klein Dick,OT,62,Iowa State,1961-62,24,
Klemm Adrian,G/T,70,Hawaii,2000-04,26,10
Kline Josh,OL,67,Kent State,2013-15,33,18
Knief Gayle,WR,84,Morningside,1970,3,0
Knutson Matt,T,62,North Dakota,2002,0,0
Koontz Ed,LB,54,Catawba,1968,6,1
Kopp Jeff,LB,91,Southern California,1999,6,0
Koppen Dan,C,67,Boston College,2003-11,121,120
Koutouvides Niko,LB,90,Purdue,2011-12,22,1
Krakau Merv,LB,53,Iowa State,1978,1,0
Kratch Bob,G,61,Iowa,1994-96,40,36
Kuberski Bob,DT,93,Navy,1999,5,0
Kuehn Art,OC,78,UCLA,1983,2,0
Kurpeikis Justin,LB,47,Penn State,2004,5,0
Ladd Anthony,WR,18,Cincinnati,1998,4,0
LaFell Brandon,WR,19,LSU,2014-15,27,20
LaFreniere Bill,WR,88,Northeastern,1987,0,0
Lambert Dion,DB,28,UCLA,1992-93,30,4
Landry Anthony,RB,35,Stephen F. Austin,1990,0,0
Lane Max,OT,68,Navy,1994-2000,100,70
Langham Antonio,CB,38,Alabama,2000,15,7
Langi Harvey,LB,48,Brigham Young,2017,1,0
Larsen Spencer,FB,46,Arizona,2012,0,0
Larson William,RB,34,Western Illinois,1960,1,
Lassiter Ike,DE,87,St. Augustine's,1970-71,19,16
Law Ty,CB,24,Michigan,1995-2004,141,133
Lawson Jamie,RB,29,North Carolina State,1990,1,0
Lawson Odell,RB,32,Langston,1970-71,16,3
LeBlanc Michael,RB,"27,40",Stephen F. Austin,1987,4,2
Lee Eric,DL,55,South Florida,2017,6,5
Lee John,DE,66,Nebraska,1981,4,4
Lee Keith,DB,22,Colorado State,1981-84,54,8
Lee Kevin,WR,86,Alabama,1994-95,7,2
Lee Robert,G,60,Missouri,1960,8,
Legette Bernie,RB,35,Michigan State,1993-94,10,0
Lengel Matt,TE,82,Eastern Kentucky,2016,6,0
Lenkaitis Bill,C,67,Penn State,1971-81,151,119
Leo Bobby,WR,24,Harvard,1967-68,3,0
Leo Charlie,OG,63,Indiana,1960-62,34,
Leonard Louis,DL,66,Fresno State,2010,1,0
LeVoir Mark,T,64,Notre Dame,2008-10,32,2
Lewis Bill,C,75,Nebraska,1993,7,5
Lewis Dion,RB,33,Pittsburgh,2015-17,30,19
Lewis Vernon,CB,43,Pittsburgh,1993-96,44,2
Light Matt,T,72,Purdue,2001-11,155,153
Lindquist Paul,DT,67,New Hampshire,1961,2,
Linne Larry,WR,80,Texas-El Paso,1987,3,3
Lippett Ronnie,DB,42,Miami (Fla.),1983-91,122,111
Livingston Walt,RB,24,Heidelberg,1960,3,
Lloyd Brandon,WR,85,Illinois,2012,16,15
Lockett Bret,DB,"38,26",UCLA,2009-11,10,0
Lockhart Eugene,LB,51,Houston,1991-92,32,21
Lockwood Scott,RB,40,Southern Cal,1992-93,4,0
Lofton Oscar,OE,86,S.E. Louisiana,1960,14,
Lofton Steve,CB,38,Texas A&M,1997,10,0
Long Charlie,G,76,Tennessee-Chattanooga,1961-69,124,17
Long Chris,DE,95,Virginia,2016,16,7
Long Mike,OE,87,Brandeis,1960,2,
Looker Dane,WR,87,Washington,2000,0,0
Lott Billy,RB,32,Mississippi,1961-63,35,
Loudd Rommie,LB,60,UCLA,1961-62,27,
Loukas Angelo,G,66,Northwestern,1970,2,0
Love Arther,TE,48,South Carolina St.,2001,0,0
Love Kyle,DL,74,Mississippi State,2010-12,41,25
Lowe Omare,CB,23,Washington,2004,3,0
Lowery Nick,K,7,Dartmouth,1978,2,0
Lowry Orlando,LB,91,Ohio State,1989,2,0
Lua Oscar,LB,49,Southern Cal,2007,0,0
Lucas Ray,WR,15,Rutgers,1996,2,0
Lunsford Mel,DE,72,Central State (Ohio),1973-80,92,74
Lyle Rick,DL,96,Missouri,2002-03,21,3
Mahoney John Butch,CB,23,American International,1961,,
Maitland Jack,RB,40,Williams,1971-72,27,0
Mallard Wesly,LB,96,Oregon,2005,3,0
Mallett Ryan,QB,15,Arkansas,2011-13,4,0
Mallory Irvin,DB,43,Virginia Union,1971,2,0
Maneri Steve,T/TE,"65,86",Temple,2010 2014,1,0
Mangiero Dino,NT,96,Rutgers,1987,2,0
Mangum John,DT,74,Southern Mississippi,1966-67,28,5
Mankins Logan,OL,70,Fresno State,2005-13,130,130
Marion Fred,FS,31,Miami (Fla.),1982-91,144,114
Maroney Laurence,RB,39,Minnesota,2006-10,45,14
Marsh Aaron,WR,29,Eastern Kentucky,1968-69,28,16
Marsh Cassius,DE,55,UCLA,2017,9,1
Marshall Al,WR,88,Boise State,1974,4,0
Martin Curtis,RB,28,Pittsburgh,1995-97,45,43
Martin Derrick,S,26,Wyoming,2012,5,0
Martin Eric,LB,53,Nebraska,2015,4,0
Martin Donald,CB,38,Yale,1973,14,2
Martin Keshawn,WR,82,Michigan State,2015,9,8
Martin Sammy,WR,82,Louisiana State,1988-91,40,1
Martin Steve,DT,90,Missouri,2002,14,5
Mason Dave,S,28,Nebraska,1973,8,1
Mason Shaq,OL,69,Georgia Tech,2015-18,60,55
Mass Wayne,OT,75,Miami (Fla.),1972,6,0
Massey Jim,CB,47,Linfield,1974-75,15,1
Matich Trevor,OC,64,Brigham Young,1985-88,26,11
Matthews Bill,LB,53,South Dakota State,1979-81,48,10
Matthews Henry,RB,35,Michigan State,1972,3,3
Matthews Michael,TE,80,Georgia Tech,2009,4,0
May Art,DE,71,Tuskegee,1971,11,5
Mayo Jerod,LB,51,Tennessee,2008-15,103,93
Mays Corey,LB,46,Notre Dame,2006-07,9,0
Mayer Shawn,S,"39,23",Penn State,2003-04,12,0
McAlister James,RB/KR,37,UCLA,1978,16,0
McCabe Jerry,LB,52,Holy Cross,1987,3,3
McCall Bob,RB,24,Arizona,1973,8,1
McCarron Riley,WR,17,Iowa,2018,1,0
McCarthy Shawn,P,11,Purdue,1991-92,29,0
McClain Terrell,DL,93,South Florida,2012,1,0
McClellan Albert,LB,59,Marshall,2018,7,0
McClellin Shea,LB,58,Boise State,2016-17,14,4
McComb Don,DE,85,Villanova,1960,1,
McCourty Devin,DB,32,Rutgers,2010-18,139,139
McCourty Jason,CB,30,Rutgers,2018,16,12
McCrary Fred,FB,44,Mississippi State,2003,6,3
McCray Prentice,S,34,Arizona State,1974-80,81,65
McCurry Dave,S,40,Iowa State,1974,2,0
McDermott Sean,LS,49,Kansas,2003,1,0
McDonald Dewey,S,31,California (Pa.),2015,1,0
McDonald Nick,OL,65,Grand Valley State,2011-12,16,3
McDougald Doug,DE,70,Virginia Tech,1980,8,0
McGee George,OT,75,Southern,1960,14,
McGee Tony,DE,78,Bishop (Texas),1974-81,119,37
McGinest Willie,DE/LB,55,Southern Cal,1994-2005,171,146
McGovern Rob,LB,58,Holy Cross,1992,4,0
McGowan Brandon,S,30,Maine,2009-10,16,11
McGrew Lawrence,LB,50,Southern Cal,1980-89,122,74
McGrew Michael,WR,15,Virginia,2005,0,0
McGruder Scooter,CB,27,Kent State,1996-97,17,0
McHale Joe,LB,55,Delaware,1987,3,0
McKay Bob,OT,66,Texas,1976-78,39,16
McKenzie Tyrone,LB,44,South Florida,2009,0,0
McKinnon Don,LB,51,Dartmouth,1963-64,17,
McMahon Art,DB,28,N.C. State,1968-72,43,7
McMurtry Greg,WR,86,Michigan,1990-93,58,41
McNeil Emmanuel,NT,92,Tenn.-Martin,1989,1,0
McQuay Leon,RB,31,Tampa,1975,13,0
McSwain Chuck,RB,32,Clemson,1987,3,1
McSwain Rod,CB,23,Clemson,1984-90,90,17
Meggett David,RB,22,Towson State,1995-97,48,3
Megna Marc,LB,"96,99",Richmond,1999-2000,4,0
Meixler Ed,LB,52,Boston University,1965,4,
Melander Jon,OG,64,Minnesota,1991,11,3
Melifonwu Obi,DB,22,Connecticut,2018,2,0
Melvin Rashaan,DB,24,Northern Illinois,2015,8,0
Merkerson Ron,LB,50,Colorado,1999,0,0
Meriweather Brandon,DB,31,Miami (Fla.),2007-10,64,40
Mesko Zoltan,P,14,Michigan,2010-12,48,0
Michel Sony,RB,26,Georgia,2018,13,8
Mickens Ray,CB,38,Texas A&M,2006,4,0
Mildren Jack,S,45,Oklahoma,1974,14,10
Millen Hugh,QB,7,Washington,1991-92,20,20
Miller Al,RB,32,Boston College,1960,14,
Miller Dan,K,6,Miami (Fla.),1982,2,0
Miller Jim,QB,13,Michigan State,2004,0,0
Miller Josh,P,8,Arizona,2004-06,42,0
Milloy Lawyer,S,36,Washington,1996-2002,112,106
Mills Garrett,TE,45,Tulsa,2006,0,0
Mingo Barkevious,LB,51,Louisiana State,2016,16,0
Mirich Rex,DT,76,Northern Arizona,1970,7,1
Mitchell Brandon,DE,98,Texas A&M,1997-2001,62,37
Mitchell Leroy,DB,41,Texas Southern,1967-68,28,28
Mitchell Malcolm,WR,19,Georgia,2016-17,14,6
Mitchell Mel,S,24,Western Kentucky,2006-07,10,0
Moe T.J.,WR,84,Missouri,2013,0,0
Molden Antwaun,CB,27,Eastern Kentucky,2011,16,2
Montler Mike,OT,64,Colorado,1969-72,53,50
Moore Arthur,DT,75,Tulsa,1973-77,29,0
Moore Brandon,OT,70,Duke,1993-95,26,0
Moore Eric,DL,"92,98",Florida State,2010 2011,6,3
Moore Greg,LB,54,Tennessee-Chattanooga,1987,3,3
Moore Leroy,DE,61,Ft. Valley State,1961-62,19,
Moore Marty,LB,"58,90",Kentucky,1994-99 2001,96,10
Moore Rashad,DL,95,Tennessee,2007,1,0
Moore Sterling,DB,29,Southern Methodist,2011-12,14,3
Moore Steve,OT,67,Tennessee State,1983-87,52,31
Moore Will,WR,83,Texas Southern,1995,16,13
Moore Zach,DL,90,Concordia-St. Paul,2014,8,1
Moreland Earthwind,CB,29,Georgia Southern,2004,9,2
Morey Sean,WR,85,Brown,1999,2,0
Morgan Stanley,WR,86,Tennessee,1977-89,180,165
Morris Aric,S,29,Michigan State,2003,4,0
Morris James,LB,49,Iowa,2014,0,0
Morris Jamie,RB,24,Michigan,1990,5,0
Morris Jon,OC,56,Holy Cross,1964-74,130,82
Morris Sammy,RB,34,Texas Tech,2007-10,41,12
Morriss Guy,OC,75,Texas Christian,1984-87,53,22
Mosier John,TE,88,Kansas,1973,2,2
Moss Randy,WR,81,Marshall,2007-10,52,51
Moss Roland,TE,86,Toledo,1971,14,6
Moss Zefross,T,77,Alabama State,1997-99,42,42
Mowatt Zeke,TE,81,Florida State,1990,10,0
Mruczkowski Gene,OL,64,Purdue,2003-06,18,0
Mulligan Matthew,TE,88,Maine,2013,15,4
Murphy Bill,WR,31,Cornell,1968,6,5
Murphy Jim,QB,7,Northeastern,1998,0,0
Murrell Marques,LB,93,Appalachian State,2010,1,0
Myers Leonard,CB,25,Miami (Fla.),2001-02,15,1
Nance Jim,RB,35,Syracuse,1965-71,94,66
Naposki Eric,LB,49,Connecticut,1988-89,4,0
Neal Stephen,OL,61,Cal State Bakersfield,2001-10,86,81
Neblett Andre,DL,71,Temple,2013,1,0
Neighbors Billy,OG,73,Alabama,1962-65,56,
Nelson Edmund,DE,65,Auburn,1988,12,1
Nelson Steve,LB,57,N. Dakota State,1974-87,174,173
Neumann Tom,RB,36,Northern Michigan,1963,10,
Neville Tommy,OT,77,Mississippi State,1965-77,160,114
Nichols Bob,TE,87,Boston University,1967-68,15,1
Nichols Ricky,WR,86,East Carolina,1987,1,0
Ninkovich Rob,LB/DE,50,Purdue,2009-16,123,101
Nugent David,DE,92,Purdue,2000-01,15,1
O'Callaghan Ryan,T,68,California,2006-08,25,7
O'Connell Kevin,QB,5,San Diego State,2008,2,0
O'Hanley Ross,DB,25,Boston College,1960-65,63,
O'Neal Deltha,CB,21,California,2008,16,10
O'Neill Pat,P,5,Syracuse,1994-95,24,0
Oakes Don,OT,71,Virginia Tech,1963-68,27,16
Ochocinco Chad,WR,85,Oregon State,2011,15,3
Ohrnberger Rich,OL,60,Penn State,2009-11,5,0
Ojinnaka Quinn,OL,69,Syracuse,2010,8,0
Orton Greg,WR,16,Purdue,2014,0,0
Osborne Chuck,DT,71,Arizona,2000,0,0
Osley Willie,CB,37,Illinois,1974,10,4
Outlaw John,DB,44,Jackson State,1969-72,33,19
Overton Don,RB,29,Fairmont State,1990,7,0
Owen Tom,QB,17,Wichita State,1976-81,12,1
Owens Dennis,NT,98,N.C. State,1982-86,71,44
Page Jarrad,S,44,UCLA,2010,10,1
Parilli Babe,QB,15,Kentucky,1961-67,94,11
Parker Riddick,DT,97,North Carolina,2001,13,0
Pass Patrick,RB,35,Georgia,2000-06,78,11
Patrick Mike,P,2,Mississippi State,1975-78,43,0
Patten David,WR,86,Western Carolina,2001-04,54,44
Patterson Cordarrelle,WR,84,Tennessee,2018,15,5
Patton Jerry,DE,72,Nebraska,1975,3,3
Paulk Jeff,FB,46,Arizona State,2000,1,0
Paxton Lonie,LS,66,Sacramento State,2000-08,141,0
Pennywell Carlos,WR,88,Grambling State,1978-81,48,2
Peoples George,RB,35,Auburn,1983,16,0
Perkins Willis,OG,,Texas Southern,1961,1,
Perryman Robert,RB,34,Michigan,1987-89,41,31
Peterson Joe,CB,45,Nevada-Reno,1987,3,3
Petrus Mitch,OL,67,Arkansas,2012,2,0
Phelps Leroy,DB,46,Oregon,1960,2,0
Phifer Roman,LB,95,UCLA,2001-04,59,46
Phillips Jess,RB,35,Michigan State,1976-77,27,0
Philpott Ed,LB,52,Miami (Ohio),1967-71,68,53
Pickering Clay,WR,48,Maine,1987,1,0
Pitts Mike,DE,93,Alabama,1993-94,32,31
Pleasant Anthony,DE,98,Tennessee State.,2001-03,37,27
Plunkett Art,OT,70,UNLV,1985 87,22,1
Plunkett Jim,QB,16,Stanford,1971-75,61,61
Polite Lousaka,FB,36,Pittsburgh,2011,1,0
Pool David,CB,27,Carson-Newman,1991-92,31,17
Poole Tyrone,CB,38,Fort Valley State,2003-05,22,21
Pope Ken,CB,41,Oklahoma,1974,4,0
Porell Tom,NT,65,Boston College,1987,1,1
Porter Willie,DB,27,Texas Southern,1968,13,0
Posey David,K,9,Florida,1978,11,0
Poteat Hank,CB,"31,32",Pittsburgh,2004-06,12,2
President Andre,TE,88,Angelo State,1995,1,0
Prestridge Luke,P,17,Baylor,1984,9,0
Price Kenny,LB,54,Iowa,1971,1,0
Price Taylor,WR,17,Ohio,2010-11,4,0
Profit Eugene,DB,22,Yale,1986-88,5,0
Pruett Perry,DB,39,North Texas State,1971,11,1
Pryor Myron,DL,91,Kentucky,2009-11,24,2
Puetz Garry,OG,77,Valparaiso,1979-81,36,5
Purnell Lovett,TE,"48,85",West Virginia,1996-98,34,7
Purvis Vic,WR,31,Southern Mississippi,1966-67,16,0
Pyne George,DL,75,Olivet,1965,14,
Rademacher Bill,WR,33,N. Michigan State,1969-70,27,5
Rakoczy Gregg,OL,71,Miami (Fla.),1991-92,21,4
Ramsey Derrick,TE,88,Kentucky,1983-85,46,23
Ramsey Tom,QB,12,UCLA,1985-88,21,4
Ratkowski Ray,RB,23,Notre Dame,1961,1,
Rawlings Josh,OL,62,Minnesota,2000,0,0
Ray Eddie,RB-P,36,Louisiana State,1970,5,1
Ray Terry,S,23,Oklahoma,1993-96,63,24
Redd Vince,LB,49,Liberty,2008,5,0
Redding Reggie,OL,70,Cal State-Fullerton,1992,14,14
Redmond J.R.,RB,21,Arizona State,2000-02,33,5
Reed Benton,DE,71,Mississippi,1987,3,3
Reedy Bernard,WR,17,Toledo,2017,2,0
Rehberg Scott,T,60,Central Michigan,1997-98,8,0
Rehder Tom,OT,76,Notre Dame,1988-89,32,0
Reid Dexter,S,42,North Carolina,2004,13,2
Reilly Kevin,LB,55,Villanova,1975,4,1
Reilly Trevor,LB,51,Utah,2017,6,1
Revis Darrelle,CB,24,Pittsburgh,2014,16,16
Rembert Johnny,LB,52,Clemson,1983-92,126,72
Reynolds Bob,OT,74,Bowling Green,1972-73,20,14
Reynolds Ed,LB,95,Virginia,1983-91,119,34
Reynolds Ricky,CB,21,Washington State,1994-96,42,35
Reynolds Tom,WR,21,San Diego State,1972,12,0
Rheams Leonta,DL,75,Houston,1998,6,0
Rice Rodney,DB,43,Brigham Young,1989,10,0
Richard Darryl,DL,90,Georgia Tech,2012,0,0
Richard Jamey,OL,71,Buffalo,2012,0,0
Richards Dave,OL,62,UCLA,1996,5,0
Richards Jordan,DB,37,Stanford,2015-17,41,7
Richardson Al,DE,79,Grambling State,1960,3,
Richardson Jesse,DT,75,Alabama,1962-64,42,
Richardson Mike,DB,35,Notre Dame,2007-08,10,0
Richardson Tom,WR,49,Jackson State,1969-70,15,0
Ridley Stevan,RB,22,LSU,2011-14,52,25
Rivera Mike,LB,59,Kansas,2012,10,1
Rivers Derek,DE,95,Youngstown State,2017-18,6,0
Rivers Marcellus,TE,82,Oklahoma State,2007,3,0
Robbins Randy,S,48,Arizona,1992,15,15
Roberts Darryl,DB,34,Marshall,2015,0,0
Roberts Elandon,LB,52,Houston,2016-18,44,30
Roberts Tim,DE,94,Southern Mississippi,1995,13,12
Roberts William,G,76,Ohio State,1995-96,32,27
Robinson Bo,RB,41,West Texas State,1984,16,1
Robinson Greg,OT,"61,68",Sacramento State,1987,3,3
Robinson Junior,DB,27,East Carolina,1990,16,0
Robinson Rex,K,7,Georgia,1982,3,0
Robinson-Randall Greg,T,"64,77",Michigan State,2000-02,35,22
Robotti Frank,LB-RB,51,Boston College,1961,12,
Rogers Doug,DE,65,Stanford,1984,12,0
Romaniszyn Jim,LB,53,Edinboro State (Pa.),1976,11,2
Romeo Tony,TE,86,Florida State,1962-67,75,0
Romine Al,DB,46,Florence State,1961,1,
Rowe Dave,DT,76,Penn State,1971-73,42,33
Rowe Eric,DB,25,Utah,2016-18,21,12
Rucci Todd,OG,71,Penn State,1993-99,85,75
Rucker Reggie,WR,33,Boston University,1971-74,43,38
Rudolph Jack,LB,80,Georgia Tech,1960-65,56,
Ruegamer Grey,C/G,67,Arizona State,2000-02,33,3
Russ Bernard,LB,51,West Virginia,1997-99,9,0
Russell Leonard,RB,32,Arizona State,1991-93,43,40
Ruth Mike,NT,65,Boston College,1986-87,8,0
Rutledge Rod,TE,83,Alabama,1998-2001,63,31
Ruud Bo,LB,91,Nebraska,2008,0,0
Ryan Logan,CB,26,Rutgers,2013-16,64,40
Sabb Dwayne,LB,95,New Hampshire,1992-96,73,24
Sacco Frank,LB,95,Fordham,1987,2,0
Sagapolutele Pio,DT,75,San Diego State,1996,15,10
Salas Greg,WR,17,Hawaii,2012,1,0
Saltz Lee,QB,12,Temple,1992,0,0
Sam Christian,LB,44,Arizona State,2018,0,0
Sam P.K.,WR,14,Florida State,2004,3,0
Samuel Asante,CB,22,Central Florida,2003-07,75,53
Sanders James,S,36,Fresno State,2005-10,84,50
Sanders John,S,25,South Dakota,1974-76,30,24
Sanders Lewis,DB,29,Maryland,2008,10,4
Sandham Todd,OG,72,Northeastern,1987,2,0
Sands Terdell,DL,74,Tennessee-Chattanooga,2009,1,0
Sanford Rick,FS,25,South Carolina,1979-84,89,53
Saranovitz Brian,OG,70,New Hampshire,1987,0,0
Sardisco Tony,OG,64,Tulane,1960-62,40,
Satcher Doug,LB,58,Southern Mississippi,1966-68,28,26
Sauerbrun Todd,P,18,West Virginia,2006,2,0
Sawyer Jon,CB,31,Cincinnati,1987,2,0
Saxon Mike,P,4,San Diego State,1993,16,0
Sayler Jace,DL,94,Michigan State,2001,2,1
Scarpito Bob,WR-P,46,Notre Dame,1968,14,0
Schaum Greg,DE,76,Michigan State,1978,14,0
Schmidt Bob,OT,74,Minnesota,1964,14,
Scholtz Bruce,LB,51,Texas,1989,8,2
Schottenheimer Marty,LB,54,Pittsburgh,1969-70,23,5
Schroeder Bill,WR,18,Wisconsin-La Crosse,1995,0,0
Schubert Eric,K,1,Pittsburgh,1987,2,1
Schubert Steve,WR,87,Massachusetts,1974,8,2
Schwedes Gerhardt,RB,31,Syracuse,1960-61,7,
Schwenke Brian,OL,63,California,2018,3,0
Scott Chad,CB,30,Maryland,2005-07,17,9
Scott Clarence,DB,26,Morgan State,1969-72,43,24
Scott Guss,S,"29,39",Florida,2004-06,6,2
Scott Trevor,DE,99,Buffalo,2012,14,2
Scott Walter,DL,94,East Carolina,1996,1,0
Scott Willie,TE,88,South Carolina,1986-88,25,2
Scruggs Greg,TE,83,Louisville,2016,0,0
Sealby Randy,LB,"53,59",Missouri,1987,2,1
Seau Junior,LB,55,Sourthern Cal,2006-09,38,16
Secules Scott,QB,10,Virginia,1993,12,4
Sellers Ron,WR,34,Florida State,1969-71,35,30
Serwanga Kato,CB,31,California,1998-2000,31,3
Seymour Richard,DE,93,Georgia,2001-08,111,105
Shaw Harold,FB,44,Southern Mississippi,1998-2000,35,0
Shaw Sedrick,RB,23,Iowa,1997-98,14,1
Shaw Terrance,CB,22,Stephen F. Austin,2001,13,3
Sheard Jabaal,DL,93,Pittsburgh,2015-16,28,9
Shegog Ron,SS,42,Austin Peay,1987,3,3
Shelton Danny,DT,71,Washington,2018,13,1
Sherman Tom,QB-DB,14,Penn State,1968-69,18,7
Shiancoe Visanthe,TE,80,Morgan State,2012,5,0
Shiner Dick,QB,11,Maryland,1973-74,4,0
Shoate Rod,LB,56,Oklahoma,1975-81,76,65
Shonta Chuck,DB,34,Eastern Michigan,1960-67,14,14
Shorts Peter,DE,90,Illinois State,1989,1,0
Sievers Eric,TE,85,Maryland,1989-90,24,6
Siliga Sealver,DT,"71,96",Utah,2013-15,25,13
Silvestro Alex,DE,69,Rutgers,2011,1,0
Simerson John,OT,75,Purdue,1961,10,
Simmons Kendall,G,71,Auburn,2009,1,0
Simmons Tony,WR,81,Wisconsin,1998-2000,38,9
Simon John,DE,55,Ohio State,2018,11,2
Sims Kenneth,DE,77,Texas,1982-89,74,64
Singer Karl,OT,68,Purdue,1966-68,39,0
Singleton Chris,LB,55,Arizona,1990-93,33,22
Sisson Scott,K,9,Georgia Tech,1993,13,0
Skene Doug,G,74,Michigan,1994,6,6
Skinner Deontae,LB,55,Mississippi State,2014,7,1
Slade Chris,LB,53,Virginia,1993-2000,127,108
Slater Matthew,WR,18,UCLA,2008-18,157,3
Small Torrance,WR,84,Alcorn State,2001,3,0
Smerlas Fred,NT,76,Boston College,1991-92,32,1
Smith Antowain,RB,32,Houston,2001-03,45,36
Smith Donnell,DE,65,Southern,1973-74,21,0
Smith Hal,DT,70,UCLA,1960,10,
Smith John,K,1,Southampton (England),1974-83,116,0
Smith Jonathan,WR,81,Georgia Tech,2006,2,0
Smith Kenny,DL,95,Alabama,2008,0,0
Smith Le Kevin,DL,90,Nebraska,2006-08,31,0
Smith Otis,CB,45,Missouri,1996 2000-02,56,48
Smith Ricky,DB,27,Alabama State,1982-84,26,0
Smith Rod,DB,22,Notre Dame,1992-94,48,17
Smith Sean,DE,97,Georgia Tech,1990-91,17,1
Snyder Al,WR,38,Holy Cross,1964,2,
Snyder Kevin,LB,45,Rutgers,2015,0,0
Solder Nate,T,77,Colorado,2011-17,98,95
Solitis Bob,DB,42,Minnesota,1960-61,3,
Songin Ed Butch,QB,11,Boston College,1960-61,28,
Sopoaga Isaac,DT,90,Hawaii,2013,6,2
Spach Stephen,TE,82,Fresno State,2007-08,5,0
Spann Antwain,CB,31,Louisiana-Lafayette,2006-08,19,0
Spears Ron,DE,78,San Diego State,1982-83,8,1
Spikes Brandon,LB,55,Florida,2010-13,51,39
Spires Greg,DE,94,Florida State,1998-2000,42,3
Springs Shawn,S,29,Ohio State,2009,12,8
St. Jean Lennie,OG,60,N. Michigan,1964-73,140,96
Stallworth Dont√©,WR,"18,19",Tennessee,2007 2012,17,9
Stanback Isaiah,WR/QB,15,Washington,2009,6,2
Stanley Sylvester,NT,63,Michigan,1994,7,0
Stanley Walter,WR,81,Colorado,1992,13,0
Starks Duane,CB,23,Miami (Fla.),2005,7,6
Starring Stephen,WR,81,McNeese,1983-87,72,33
Staurovsky Jason,K,4,Tulsa,1988-91,42,0
Steinfort Fred,K,5,Boston College,1983,9,0
Stenger Brian,LB,59,Notre Dame,1973,10,2
Stephens Calvin,G,68,South Carolina,1992,14,1
Stephens John,RB,44,NW Louisiana State,1988-92,76,59
Stephens Tom,DB-TE,45,Syracuse,1960-64,49,
Stevens Matt,S,26,Appalachian State,2000-01,16,4
Stingley Darryl,WR,84,Purdue,1973-77,60,53
Stokes Barry,OL,75,Eastern Michigan,2008,0,0
Stokes Eric,C-G,78,Northeastern,1987,1,1
Stokes J.J.,WR,85,UCLA,2003,2,0
Stolberg Eric,WR,19,Indiana,1971,0,0
Stone Michael,S,24,Memphis,2005,13,3
Stork Bryan,OL,66,Florida State,2014-15,21,17
Striegal Bill,LB,72,College of Pacific,1960,5,
Stuckey Shawn,LB,93,Troy State,1998,6,0
Studstill Pat,P,2,Houston,1972,14,0
Sturt Fred,G,63,Bowling Green,1976-78,29,0
Suci Bob,DB,21,Michigan State,1963,14,
Sudfeld Zach,TE,44,Nevada,2013,3,0
Sullivan Chris,DE,74,Boston College,1996-99 2001,63,20
Svitek Will,OL,74,Stanford,2013,13,2
Swanson Terry,P,36,Massachusetts,1967-68,24,0
Sweet Joe,WR,81,Tennessee State,1974,4,0
Sykes Alfred,WR,13,Florida A&M,1971,4,1
Taliaferro Mike,QB,17,Illinois,1968-71,32,25
Talib Aqib,CB,31,Kansas,2012-13,19,18
Tanner John,LB-DE,53,Tennesse Tech,1973-74,27,2
Tardits Richard,LB,53,Georgia,1990-92,27,1
Tarpinian Jeff,LB,53,Iowa,2011-12,10,1
Tarver John,RB,36,Colorado,1972-74,31,15
Tate Brandon,WR,19,North Carolina,2009-10,18,11
Tatupu Mosi,RB,30,Southern Cal,1978-90,194,22
Taylor Chris,RB,35,Indiana,2009,0,0
Taylor Fred,RB,21,Florida,2009-10,13,1
Taylor Gene,WR,82,Fresno State,1991,1,0
Taylor Greg,RB,45,Virginia,1982,1,0
Taylor Kitrick,WR,49,Washington State,1989,4,0
Tennant Matt,OL,67,Boston College,2012,0,0
Testaverde Vinny,QB,14,Miami (Fla.),2006,3,0
Tharpe Larry,OT,77,Tennessee State,1996,0,0
Thomas Adalius,LB,96,Southern Mississippi,2007-09,39,35
Thomas Ben,DE,99,Auburn,1985,15,0
Thomas Blair,RB,32,Penn State,1994,3,0
Thomas David,TE,86,Texas,2006-08,32,13
Thomas Donald,OL,64,Connecticut,2011-12,26,8
Thomas Donnie,LB,51,Indiana,1976,3,1
Thomas Gene,RB,22,Florida A&M,1968,9,4
Thomas Henry,DT,95,Louisiana State,1997-2000,64,52
Thomas Santonio,DL,92,Miami (Fla.),2007,4,0
Thompkins Kenbrell,WR,85,Cincinnati,2013-14,14,9
Thompson Leroy,RB,36,Penn State,1994,16,1
Thompson Reyna,CB,21,Baylor,1993,15,6
Thornton Khyri,DL,74,Southern Mississippi,2015,0,0
Thuney Joe,OL,62,North Carolina State,2016-18,48,48
Timpson Michael,WR,83,Penn State,1989-94,70,25
Tippett Andre,LB,56,Iowa,1982-88 1990-93,151,139
Tipton Dave,NT,60,Western Illionis,1975-76,12,0
Tobin Matt,OL,64,Iowa,2018,0,0
Toler Ken,WR,82,Mississippi,1981-82,25,0
Toner Ed,DT,75,Massachusetts,1967-70,26,0
Towns Bobby,DB,34,Georgia,1961,2,
Traylor Keith,NT,98,Central State (Okla.),2004,16,10
Trull Don,QB,19,Baylor,1967,7,3
Tucker Erroll,DB,21,Utah,1989,5,0
Tucker Ross,OL,69,Princeton,2005,1,0
Tuitele Maugaula,LB,"47,59",Colorado State,2000-02,5,0
Tupa Tom,P,19,Ohio State,1996-98,48,0
Turner Bake,WR,40,Texas Tech,1970,14,13
Turner Bill,DE,74,Boston College,1987,2,0
Turner Kevin,RB,34,Alabama,1992-94,48,19
Turner T.J.,LB,99,Michigan State,2001,2,0
Twombly Darren,C,64,Boston College,1987,1,1
Tyms Brian,WR,84,Florida A&M,2014-15,11,2
Underwood Tiquan,WR,10,Rutgers,2011,6,0
Valentine Vincent,DT,99,Nebraska,2016-17,13,2
van Eeghen Mark,RB,34,Colgate,1982-83,24,16
Van Noy Kyle,LB,53,Brigham Young,2016-18,36,30
Vataha Randy,WR,18,Stanford,1971-76,82,44
Vaughn Jon,RB,24,Michigan,1991-92,32,7
Vellano Joe,DL,72,Maryland,2013-14,21,9
Ventrone Ray,DB,41,Villanova,2006-08,17,0
Ventrone Ross,DB,35,Villanova,2011,8,0
Vereen Shane,RB,34,California,2011-14,42,8
Veris Garin,DE,"60,90",Stanford,1985-91,78,46
Viaene David,OT,70,Minnesota-Duluth,1989-90,20,8
Villa Danny,OT,75,Arizona State,1987-91 97,75,62
Vinatieri Adam,K,4,South Dakota State,1996-2005,160,0
Virkus Scott,DE,70,San Francisco CC,1984,5,0
Vollmer Sebastian,OL,76,Houston,2009-16,88,80
Vrabel Mike,LB,50,Ohio State,2001-08,125,110
Waddle LaAdrian,OL,68,Texas Tech,2015-18,31,7
Wagner Bryan,P,9,Cal State-Northridge,1991 95,8,0
Walker Bruce,NT/DT,91,UCLA,1994-95,11,4
Walker Casey,DL,98,Oklahoma,2014,5,1
Walker Mike,K,12,None,1972,8,0
Walter Ken,P,"13,15",Kent State,2001-03 06,46,0
Ward David,LB,94,Southern Arkansas,1989,16,0
Ward Dedric,WR,17,Northern Iowa,2003,4,0
Warren Gerard,DL,"92,98",Florida,2010 2011,28,10
Warren Lamont,RB,27,Colorado,1999,16,2
Warren Ty,DL,94,Texas A&M,2003-10,105,92
Washington Clyde,DB,31,Purdue,1960-61,27,
Washington John,DT,76,Oklahoma State,1993,16,13
Washington Kelley,WR,15,Tennessee,2007-08,24,0
Washington Leon,RB,33,Florida State,2013,2,0
Washington Mark,CB,46,Morgan State,1979,12,0
Washington Mickey,CB,21,Texas A&M,1990-91,25,4
Washington Ted,NT,92,Louisville,2003,10,10
Waters Brian,G,54,North Texas,2011,16,16
Watson Benjamin,TE,84,Georgia,2004-09,71,47
Watson Dekoda,LB,"53,52",Florida State,2015,3,0
Watson Dave,G,67,Georgia Tech,1963-64,28,
Weathers Robert,RB,24,Arizona State,1982-86,44,6
Weathers Clarence,WR,82,Delaware State,1983-84,25,0
Weaver Jed,TE,85,Oregon,2004,10,1
Webb Don,DB,42,Iowa State,1961-71,134,60
Webster George,LB,90,Michigan State,1974-76,37,25
Webster Jason,CB,23,Texas A&M,2008,3,0
Weisacosky Ed,LB,66,Miami (Fla.),1971-72,28,23
Weishuhn Clayton,LB,53,Angelo State,1982-86,30,26
Welch Claxton,RB,43,Oregon,1973,2,1
Welch Thomas,OL,66,Vanderbilt,2011,3,1
Welker Wes,WR,83,Texas Tech,2007-12,93,78
Wells Billy,RB,41,Michigan State,1960,12,
Wendell Ryan,OL,62,Fresno State,2009-15,79,49
West Mel,RB,24,Missouri,1961,4,
Westbrook Don,WR,83,Nebraska,1977-81,71,1
Weston Kade,DE,66,Georgia,2010,0,0
Whalen Griff,WR,14,Stanford,2016,0,0
Whalen Jim,TE,82,Boston College,1965-69,70,27
Wheatley Terrence,CB,22,Colorado,2008-10,11,1
Wheeler Dwight,OT,62,Tennessee State,1978-83,72,39
Wheeler Mark,DT,97,Texas A&M,1996-98,40,31
Whigham Larry,S,25,NE Louisiana,1994-2000,106,4
White Adrian,S,38,Florida,1993,5,4
White Chris,LB,59,Mississippi State,2013-14,29,0
White David,LB,51,Nebraska,1993,6,0
White Harvey,QB,10,Clemson,1960,9,
White James,RB,28,Wisconsin,2014-18,63,12
White Jeff,K-P,2,Texas El Paso,1973,11,0
White Jim,DE,87,Colorado State,1972,13,6
White Reggie,DT/NT,90,North Carolina A&T,1995,16,9
White Tracy,LB,58,Howard,2010-12,42,2
Whitingham Fred,LB,53,Cal Poly,1970,13,0
Whitten Todd,QB,15,Stephen F. Austin,1987,1,0
Wichard Murray,DE,90,Frostburg State,1987,3,0
Wiggins Jermaine,TE,85,Georgia,2000-01,20,8
Wilburn Steve,DE,99,Illinois State,1987,3,3
Wilfork Vince,DT,75,Miami (Fla.),2004-14,158,148
Wilhite Jonathan,CB,24,Auburn,2008-10,39,13
Williams D.J.,TE,45,Arkansas,2013,2,0
William J.R.,LB-C,55,Louisiana Tech,1968-70,38,2
Williams Brent,DE,96,Toledo,1986-93,121,102
Williams Brian,TE,49,Southern,1982,1,0
Williams Brooks,TE,80,North Carolina,1983,13,1
Williams Derwin,WR,82,New Mexico,1985-87,42,1
Williams Ed,LB,54,Texas,1984-87 90,62,10
Williams Gemara,CB,42,Buffalo,2006,0,0
Williams Grant,T,76,Louisiana Tech,2000-01,29,12
Williams Jon,RB,44,Penn State,1984,9,0
Williams Larry,G,75,Notre Dame,1992,13,9
Williams Lester,NT,72,Miami (Fla.),1982-85,42,13
Williams Malcolm,DB,41,Texas Christian,2011-12,4,0
Williams Michael,TE,85,Alabama,2015-16,15,9
Williams Perry,CB,38,Clemson,1987,3,0
Williams Tank,S,26,Stanford,2008,0,0
Williams Toby,DE,90,Nebraska,1983-88,80,56
Williams Trey,RB,31,Texas A&M,2015,0,0
Wilson Adrian,S,24,North Carolina State,2013,0,0
Wilson Curtis,OC,75,Missouri,1989,0,0
Wilson Darrell,DB,47,Connecticut,1981,1,0
Wilson Darryal,WR,48,Tennessee,1983,9,0
Wilson David,DB,26,California,1992,1,0
Wilson Ed,QB,12,Arizona,1965,14,
Wilson Eugene,DB,26,Illinois,2003-07,62,55
Wilson Jerrel,P,4,Southern Mississippi,1978,14,0
Wilson Joe,RB,23,Holy Cross,1974,12,0
Wilson Marc,QB,15,Brigham Young,1989-90,30,10
Wilson Tavon,DB,27,Illinois,2012-15,54,4
Windsor Bob,TE,86,Kentucky,1972-75,48,44
Winslow Kellen,TE,82,Miami (Fla.),2012,1,0
Wirgowski Dennis,DE,70,Purdue,1970-72,37,36
Wise Jr. Deatrich,DL,91,Arkansas,2017-18,32,8
Witt Mel,DT,70,Arlington State,1967-70,35,14
Wohlabaugh Dave,C,64,Syracuse,1995-98,57,57
Wonsley George,RB,53,Mississippi State,1989,5,0
Woodhead Danny,RB,39,Chadron State,2010-12,45,9
Woods Carl,RB,34,Vanderbilt,1987,2,0
Woods Pierre,LB,58,Michigan,2006-10,54,8
Woody Damien,C,65,Boston College,1999-2003,78,76
Wooten Ron,OG,61,North Carolina,1982-88,98,96
Wren Darryl,CB,27,Pittsburg (Kan.) State,1993-94,33,5
Wright Elmo,WR,17,Houston,1975,8,4
Wright Mike,DL,99,Cincinnati,2005-11,81,22
Wright Tim,TE,81,Rutgers,2014,16,2
Wyman Devin,DT,72,Kentucky State,1996-98,15,4
Wynn Isaiah,OL,76,Georgia,2018,0,0
Yancy Carlos,CB,40,Georgia,1995,4,0
Yates Billy,G,74,Texas A&M,2005-08,22,11
Yates Bob,OT-G-C,50,Syracuse,1960-65,67,
Yewcic Tom,P-QB,14,Michigan State,1961-66,77,
Zabel Steve,LB,54,Oklahoma,1975-78,50,48
Zackery Tony,FS,25,Washington,1990-91,19,0
Zamberlin John,LB,54,Pacific Lutheran,1979-82,56,15
Zendejas Joaquin,K,2,LaVerne (Calif.),1983,2,0
Zereoue Amos,RB,31,West Virginia,2005,3,0
Zolak Scott,QB,16,Maryland,1991-98,53,7
Zusevics Markus,OL,66,Iowa,2012-13,0,0
