season,week,event_date,tm_location,opp_location,tm_nano,tm_market,tm_name,tm_alias,tm_alt_market,opp_nano,opp_market,opp_name,opp_alias,opp_alt_market,player,age,started,dnp,dnp_reason,rush_att,rush_yds,rush_yds_per_att,rush_tds,targets,rec,rec_yds,rec_yds_per_rec,rec_tds,catch_pct,rec_yds_per_tgt,pass_cmp,pass_att,pass_cmp_pct,pass_yds,pass_tds,pass_int,passer_rating,times_sacked,yds_sacked_for,pass_yds_per_att,pass_adj_yds_per_att,two_pt_md,all_tds,scoring,sacks,tackles_solo,tackles_assists,tackles_combined,tackles_loss,qb_hits,fumbles,fumbles_lost,fumbles_forced,fumbles_rec,fumbles_rec_yds,fumbles_rec_td,def_int,def_int_yds,def_int_tds,pass_defended,punt,punt_yds,punt_yds_per_punt,punt_ret_yds_opp,punt_net_yds,punt_net_yds_per_punt,punt_tb,punt_tb_pct,punt_in_20,punt_in_20_pct,punt_blocked,kick_ret,kick_ret_yds,kick_ret_yds_per_ret,kick_ret_tds,punt_ret,punt_ret_yds,punt_ret_yds_per_ret,punt_ret_tds,snap_count_offense,snap_count_offense_pct,snap_count_defense,snap_count_defense_pct,snap_count_special_teams,snap_count_special_teams_pct,player_stats_link
2000,1,2000-09-03,H,A,oiGiwWPf0UqMC,Kansas City,Chiefs,KC,kan,LJmHetie5VbbO,Indianapolis,Colts,IND,ind,Tony Gonzalez,24.189,1,0,Played,0.0,0.0,0.0,0.0,6.0,2.0,34.0,17.0,0.0,0.333,5.67,0.0,0.0,0.0,0.0,0.0,0.0,0.0,0.0,0.0,0.0,0.0,0.0,0.0,0.0,,,,,,,0.0,0.0,0.0,0.0,0.0,0.0,,,,,,,,,,,,,,,,,,,,,,,,0.0,0.0,0.0,0.0,0.0,0.0,https://www.pro-football-reference.com/players/G/GonzTo00.htm/gamelog/
2000,2,2000-09-10,A,H,oiGiwWPf0UqMC,Kansas City,Chiefs,KC,kan,ltMyRE3yvVUaw,Tennessee,Titans,TEN,ten,Tony Gonzalez,24.196,1,0,Played,0.0,0.0,0.0,0.0,2.0,2.0,16.0,8.0,0.0,1.0,8.0,0.0,0.0,0.0,0.0,0.0,0.0,0.0,0.0,0.0,0.0,0.0,0.0,0.0,0.0,,,,,,,0.0,0.0,0.0,0.0,0.0,0.0,,,,,,,,,,,,,,,,,,,,,,,,0.0,0.0,0.0,0.0,0.0,0.0,https://www.pro-football-reference.com/players/G/GonzTo00.htm/gamelog/
2000,3,2000-09-17,H,A,oiGiwWPf0UqMC,Kansas City,Chiefs,KC,kan,SjaMbkmeizJD4,Los Angeles,Chargers,LAC,sdg,Tony Gonzalez,24.203,1,0,Played,0.0,0.0,0.0,0.0,8.0,4.0,43.0,10.75,0.0,0.5,5.38,0.0,0.0,0.0,0.0,0.0,0.0,0.0,0.0,0.0,0.0,0.0,0.0,0.0,0.0,,,,,,,0.0,0.0,0.0,1.0,0.0,0.0,,,,,,,,,,,,,,,,,,,,,,,,0.0,0.0,0.0,0.0,0.0,0.0,https://www.pro-football-reference.com/players/G/GonzTo00.htm/gamelog/
2000,4,2000-09-24,A,H,oiGiwWPf0UqMC,Kansas City,Chiefs,KC,kan,6DclFuycdPaOB,Denver,Broncos,DEN,den,Tony Gonzalez,24.21,1,0,Played,0.0,0.0,0.0,0.0,10.0,10.0,127.0,12.7,1.0,1.0,12.7,0.0,0.0,0.0,0.0,0.0,0.0,0.0,0.0,0.0,0.0,0.0,0.0,1.0,6.0,,,,,,,0.0,0.0,0.0,0.0,0.0,0.0,,,,,,,,,,,,,,,,,,,,,,,,0.0,0.0,0.0,0.0,0.0,0.0,https://www.pro-football-reference.com/players/G/GonzTo00.htm/gamelog/
2000,5,2000-10-02,H,A,oiGiwWPf0UqMC,Kansas City,Chiefs,KC,kan,4M8AK5p0WXs1N,Seattle,Seahawks,SEA,sea,Tony Gonzalez,24.218,1,0,Played,0.0,0.0,0.0,0.0,5.0,3.0,34.0,11.33,1.0,0.6,6.8,0.0,0.0,0.0,0.0,0.0,0.0,0.0,0.0,0.0,0.0,0.0,0.0,1.0,6.0,,,,,,,0.0,0.0,0.0,0.0,0.0,0.0,,,,,,,,,,,,,,,,,,,,,,,,0.0,0.0,0.0,0.0,0.0,0.0,https://www.pro-football-reference.com/players/G/GonzTo00.htm/gamelog/
2000,7,2000-10-15,H,A,oiGiwWPf0UqMC,Kansas City,Chiefs,KC,kan,LZoDld8s63xUs,Las Vegas,Raiders,LV,oak,Tony Gonzalez,24.231,1,0,Played,0.0,0.0,0.0,0.0,8.0,7.0,100.0,14.29,1.0,0.875,12.5,0.0,0.0,0.0,0.0,0.0,0.0,0.0,0.0,0.0,0.0,0.0,0.0,1.0,6.0,,,,,,,0.0,0.0,0.0,0.0,0.0,0.0,,,,,,,,,,,,,,,,,,,,,,,,0.0,0.0,0.0,0.0,0.0,0.0,https://www.pro-football-reference.com/players/G/GonzTo00.htm/gamelog/
2000,8,2000-10-22,H,A,oiGiwWPf0UqMC,Kansas City,Chiefs,KC,kan,u98I1lDKQBwZ0,Los Angeles,Rams,LA,stl,Tony Gonzalez,24.238,1,0,Played,0.0,0.0,0.0,0.0,8.0,5.0,117.0,23.4,1.0,0.625,14.63,0.0,0.0,0.0,0.0,0.0,0.0,0.0,0.0,0.0,0.0,0.0,0.0,1.0,6.0,,,,,,,0.0,0.0,0.0,0.0,0.0,0.0,,,,,,,,,,,,,,,,,,,,,,,,0.0,0.0,0.0,0.0,0.0,0.0,https://www.pro-football-reference.com/players/G/GonzTo00.htm/gamelog/
2000,9,2000-10-29,A,H,oiGiwWPf0UqMC,Kansas City,Chiefs,KC,kan,4M8AK5p0WXs1N,Seattle,Seahawks,SEA,sea,Tony Gonzalez,24.245,1,0,Played,0.0,0.0,0.0,0.0,14.0,8.0,101.0,12.63,0.0,0.571,7.21,0.0,0.0,0.0,0.0,0.0,0.0,0.0,0.0,0.0,0.0,0.0,0.0,0.0,0.0,,,,,,,0.0,0.0,0.0,0.0,0.0,0.0,,,,,,,,,,,,,,,,,,,,,,,,0.0,0.0,0.0,0.0,0.0,0.0,https://www.pro-football-reference.com/players/G/GonzTo00.htm/gamelog/
2000,10,2000-11-05,A,H,oiGiwWPf0UqMC,Kansas City,Chiefs,KC,kan,LZoDld8s63xUs,Las Vegas,Raiders,LV,oak,Tony Gonzalez,24.252,1,0,Played,0.0,0.0,0.0,0.0,12.0,9.0,134.0,14.89,0.0,0.75,11.17,0.0,0.0,0.0,0.0,0.0,0.0,0.0,0.0,0.0,0.0,0.0,0.0,0.0,0.0,,,,,,,0.0,0.0,0.0,0.0,0.0,0.0,,,,,,,,,,,,,,,,,,,,,,,,0.0,0.0,0.0,0.0,0.0,0.0,https://www.pro-football-reference.com/players/G/GonzTo00.htm/gamelog/
2000,11,2000-11-12,A,H,oiGiwWPf0UqMC,Kansas City,Chiefs,KC,kan,IwSI92ZDKoazn,San Francisco,49ers,SF,sfo,Tony Gonzalez,24.259,1,0,Played,0.0,0.0,0.0,0.0,10.0,4.0,46.0,11.5,0.0,0.4,4.6,0.0,0.0,0.0,0.0,0.0,0.0,0.0,0.0,0.0,0.0,0.0,0.0,0.0,0.0,,,,,,,0.0,0.0,0.0,0.0,0.0,0.0,,,,,,,,,,,,,,,,,,,,,,,,0.0,0.0,0.0,0.0,0.0,0.0,https://www.pro-football-reference.com/players/G/GonzTo00.htm/gamelog/
2000,12,2000-11-19,H,A,oiGiwWPf0UqMC,Kansas City,Chiefs,KC,kan,3VqeLK0LS9rpw,Buffalo,Bills,BUF,buf,Tony Gonzalez,24.266,1,0,Played,0.0,0.0,0.0,0.0,15.0,9.0,76.0,8.44,2.0,0.6,5.07,0.0,0.0,0.0,0.0,0.0,0.0,0.0,0.0,0.0,0.0,0.0,0.0,2.0,12.0,,,,,,,0.0,0.0,0.0,0.0,0.0,0.0,,,,,,,,,,,,,,,,,,,,,,,,0.0,0.0,0.0,0.0,0.0,0.0,https://www.pro-football-reference.com/players/G/GonzTo00.htm/gamelog/
2000,13,2000-11-26,A,H,oiGiwWPf0UqMC,Kansas City,Chiefs,KC,kan,SjaMbkmeizJD4,Los Angeles,Chargers,LAC,sdg,Tony Gonzalez,24.273,1,0,Played,0.0,0.0,0.0,0.0,5.0,0.0,0.0,0.0,0.0,0.0,0.0,0.0,0.0,0.0,0.0,0.0,0.0,0.0,0.0,0.0,0.0,0.0,0.0,0.0,0.0,,,,,,,0.0,0.0,0.0,0.0,0.0,0.0,,,,,,,,,,,,,,,,,,,,,,,,0.0,0.0,0.0,0.0,0.0,0.0,https://www.pro-football-reference.com/players/G/GonzTo00.htm/gamelog/
2000,14,2000-12-04,A,H,oiGiwWPf0UqMC,Kansas City,Chiefs,KC,kan,VkxV91RtzHn65,New England,Patriots,NE,nwe,Tony Gonzalez,24.281,1,0,Played,0.0,0.0,0.0,0.0,16.0,11.0,147.0,13.36,1.0,0.688,9.19,0.0,0.0,0.0,0.0,0.0,0.0,0.0,0.0,0.0,0.0,0.0,0.0,1.0,6.0,,,,,,,0.0,0.0,0.0,0.0,0.0,0.0,,,,,,,,,,,,,,,,,,,,,,,,0.0,0.0,0.0,0.0,0.0,0.0,https://www.pro-football-reference.com/players/G/GonzTo00.htm/gamelog/
2000,15,2000-12-10,H,A,oiGiwWPf0UqMC,Kansas City,Chiefs,KC,kan,jJBGuksuDJF5L,Carolina,Panthers,CAR,car,Tony Gonzalez,24.287,1,0,Played,0.0,0.0,0.0,0.0,15.0,10.0,96.0,9.6,1.0,0.667,6.4,0.0,0.0,0.0,0.0,0.0,0.0,0.0,0.0,0.0,0.0,0.0,0.0,1.0,6.0,,,,,,,0.0,0.0,0.0,0.0,0.0,0.0,,,,,,,,,,,,,,,,,,,,,,,,0.0,0.0,0.0,0.0,0.0,0.0,https://www.pro-football-reference.com/players/G/GonzTo00.htm/gamelog/
2000,16,2000-12-17,H,A,oiGiwWPf0UqMC,Kansas City,Chiefs,KC,kan,6DclFuycdPaOB,Denver,Broncos,DEN,den,Tony Gonzalez,24.294,1,0,Played,0.0,0.0,0.0,0.0,9.0,4.0,46.0,11.5,0.0,0.444,5.11,0.0,0.0,0.0,0.0,0.0,0.0,0.0,0.0,0.0,0.0,0.0,0.0,0.0,0.0,,,,,,,0.0,0.0,0.0,0.0,0.0,0.0,,,,,,,,,,,,,,,,,,,,,,,,0.0,0.0,0.0,0.0,0.0,0.0,https://www.pro-football-reference.com/players/G/GonzTo00.htm/gamelog/
2000,17,2000-12-24,A,H,oiGiwWPf0UqMC,Kansas City,Chiefs,KC,kan,mLspw4gJNTQGN,Atlanta,Falcons,ATL,atl,Tony Gonzalez,24.301,1,0,Played,0.0,0.0,0.0,0.0,7.0,5.0,86.0,17.2,1.0,0.714,12.29,0.0,0.0,0.0,0.0,0.0,0.0,0.0,0.0,0.0,0.0,0.0,0.0,1.0,6.0,,,,,,,0.0,0.0,0.0,0.0,0.0,0.0,,,,,,,,,,,,,,,,,,,,,,,,0.0,0.0,0.0,0.0,0.0,0.0,https://www.pro-football-reference.com/players/G/GonzTo00.htm/gamelog/
2000,1,2000-09-03,H,A,oiGiwWPf0UqMC,Kansas City,Chiefs,KC,kan,LJmHetie5VbbO,Indianapolis,Colts,IND,ind,Tony Richardson,28.261,1,0,Played,13.0,58.0,4.46,0.0,3.0,2.0,24.0,12.0,1.0,0.667,8.0,,,,,,,,,,,,,1.0,6.0,0.0,0.0,0.0,0.0,0.0,0.0,0.0,0.0,0.0,0.0,0.0,0.0,,,,,,,,,,,,,,,,,,,,0.0,0.0,0.0,0.0,,,,,,,https://www.pro-football-reference.com/players/R/RichTo00.htm/gamelog/
2000,2,2000-09-10,A,H,oiGiwWPf0UqMC,Kansas City,Chiefs,KC,kan,ltMyRE3yvVUaw,Tennessee,Titans,TEN,ten,Tony Richardson,28.268,1,0,Played,14.0,28.0,2.0,0.0,1.0,1.0,2.0,2.0,0.0,1.0,2.0,,,,,,,,,,,,,0.0,0.0,0.0,0.0,0.0,0.0,0.0,0.0,0.0,0.0,0.0,0.0,0.0,0.0,,,,,,,,,,,,,,,,,,,,0.0,0.0,0.0,0.0,,,,,,,https://www.pro-football-reference.com/players/R/RichTo00.htm/gamelog/
2000,3,2000-09-17,H,A,oiGiwWPf0UqMC,Kansas City,Chiefs,KC,kan,SjaMbkmeizJD4,Los Angeles,Chargers,LAC,sdg,Tony Richardson,28.275,1,0,Played,6.0,40.0,6.67,0.0,5.0,4.0,22.0,5.5,1.0,0.8,4.4,,,,,,,,,,,,,1.0,6.0,0.0,0.0,0.0,0.0,0.0,0.0,1.0,0.0,0.0,0.0,0.0,0.0,,,,,,,,,,,,,,,,,,,,0.0,0.0,0.0,0.0,,,,,,,https://www.pro-football-reference.com/players/R/RichTo00.htm/gamelog/
2000,4,2000-09-24,A,H,oiGiwWPf0UqMC,Kansas City,Chiefs,KC,kan,6DclFuycdPaOB,Denver,Broncos,DEN,den,Tony Richardson,28.282,1,0,Played,14.0,35.0,2.5,1.0,3.0,2.0,35.0,17.5,0.0,0.667,11.67,,,,,,,,,,,,,1.0,6.0,0.0,0.0,0.0,0.0,0.0,0.0,1.0,1.0,0.0,0.0,0.0,0.0,,,,,,,,,,,,,,,,,,,,0.0,0.0,0.0,0.0,,,,,,,https://www.pro-football-reference.com/players/R/RichTo00.htm/gamelog/
2000,5,2000-10-02,H,A,oiGiwWPf0UqMC,Kansas City,Chiefs,KC,kan,4M8AK5p0WXs1N,Seattle,Seahawks,SEA,sea,Tony Richardson,28.29,1,0,Played,11.0,53.0,4.82,0.0,3.0,1.0,6.0,6.0,0.0,0.333,2.0,,,,,,,,,,,,,0.0,0.0,0.0,0.0,0.0,0.0,0.0,0.0,0.0,0.0,0.0,0.0,0.0,0.0,,,,,,,,,,,,,,,,,,,,0.0,0.0,0.0,0.0,,,,,,,https://www.pro-football-reference.com/players/R/RichTo00.htm/gamelog/
2000,7,2000-10-15,H,A,oiGiwWPf0UqMC,Kansas City,Chiefs,KC,kan,LZoDld8s63xUs,Las Vegas,Raiders,LV,oak,Tony Richardson,28.303,1,0,Played,5.0,25.0,5.0,0.0,6.0,5.0,31.0,6.2,1.0,0.833,5.17,,,,,,,,,,,,,1.0,6.0,0.0,0.0,0.0,0.0,0.0,0.0,0.0,0.0,0.0,0.0,0.0,0.0,,,,,,,,,,,,,,,,,,,,0.0,0.0,0.0,0.0,,,,,,,https://www.pro-football-reference.com/players/R/RichTo00.htm/gamelog/
2000,8,2000-10-22,H,A,oiGiwWPf0UqMC,Kansas City,Chiefs,KC,kan,u98I1lDKQBwZ0,Los Angeles,Rams,LA,stl,Tony Richardson,28.31,1,0,Played,2.0,2.0,1.0,0.0,1.0,1.0,16.0,16.0,0.0,1.0,16.0,,,,,,,,,,,,,0.0,0.0,0.0,0.0,0.0,0.0,0.0,0.0,0.0,0.0,0.0,0.0,0.0,0.0,,,,,,,,,,,,,,,,,,,,0.0,0.0,0.0,0.0,,,,,,,https://www.pro-football-reference.com/players/R/RichTo00.htm/gamelog/
2000,9,2000-10-29,A,H,oiGiwWPf0UqMC,Kansas City,Chiefs,KC,kan,4M8AK5p0WXs1N,Seattle,Seahawks,SEA,sea,Tony Richardson,28.317,1,0,Played,4.0,18.0,4.5,0.0,2.0,2.0,10.0,5.0,0.0,1.0,5.0,,,,,,,,,,,,,0.0,0.0,0.0,1.0,0.0,1.0,0.0,0.0,0.0,0.0,0.0,0.0,0.0,0.0,,,,,,,,,,,,,,,,,,,,0.0,0.0,0.0,0.0,,,,,,,https://www.pro-football-reference.com/players/R/RichTo00.htm/gamelog/
2000,10,2000-11-05,A,H,oiGiwWPf0UqMC,Kansas City,Chiefs,KC,kan,LZoDld8s63xUs,Las Vegas,Raiders,LV,oak,Tony Richardson,28.324,1,0,Played,3.0,18.0,6.0,1.0,7.0,7.0,51.0,7.29,0.0,1.0,7.29,,,,,,,,,,,,,1.0,6.0,0.0,0.0,0.0,0.0,0.0,0.0,0.0,0.0,0.0,0.0,0.0,0.0,,,,,,,,,,,,,,,,,,,,0.0,0.0,0.0,0.0,,,,,,,https://www.pro-football-reference.com/players/R/RichTo00.htm/gamelog/
2000,11,2000-11-12,A,H,oiGiwWPf0UqMC,Kansas City,Chiefs,KC,kan,IwSI92ZDKoazn,San Francisco,49ers,SF,sfo,Tony Richardson,28.331,1,0,Played,4.0,19.0,4.75,0.0,9.0,8.0,81.0,10.13,0.0,0.889,9.0,,,,,,,,,,,,,0.0,0.0,0.0,0.0,0.0,0.0,0.0,0.0,0.0,0.0,0.0,0.0,0.0,0.0,,,,,,,,,,,,,,,,,,,,0.0,0.0,0.0,0.0,,,,,,,https://www.pro-football-reference.com/players/R/RichTo00.htm/gamelog/
2000,12,2000-11-19,H,A,oiGiwWPf0UqMC,Kansas City,Chiefs,KC,kan,3VqeLK0LS9rpw,Buffalo,Bills,BUF,buf,Tony Richardson,28.338,1,0,Played,8.0,44.0,5.5,0.0,6.0,4.0,30.0,7.5,0.0,0.667,5.0,,,,,,,,,,,,,0.0,0.0,0.0,1.0,0.0,1.0,0.0,0.0,0.0,0.0,0.0,0.0,0.0,0.0,,,,,,,,,,,,,,,,,,,,0.0,0.0,0.0,0.0,,,,,,,https://www.pro-football-reference.com/players/R/RichTo00.htm/gamelog/
2000,13,2000-11-26,A,H,oiGiwWPf0UqMC,Kansas City,Chiefs,KC,kan,SjaMbkmeizJD4,Los Angeles,Chargers,LAC,sdg,Tony Richardson,28.345,1,0,Played,9.0,52.0,5.78,0.0,6.0,3.0,27.0,9.0,0.0,0.5,4.5,,,,,,,,,,,,,0.0,0.0,0.0,0.0,0.0,0.0,0.0,0.0,0.0,0.0,0.0,0.0,0.0,0.0,,,,,,,,,,,,,,,,,,,,0.0,0.0,0.0,0.0,,,,,,,https://www.pro-football-reference.com/players/R/RichTo00.htm/gamelog/
2000,14,2000-12-04,A,H,oiGiwWPf0UqMC,Kansas City,Chiefs,KC,kan,VkxV91RtzHn65,New England,Patriots,NE,nwe,Tony Richardson,28.353,1,0,Played,6.0,30.0,5.0,0.0,3.0,3.0,32.0,10.67,0.0,1.0,10.67,,,,,,,,,,,,,0.0,0.0,0.0,0.0,0.0,0.0,0.0,0.0,0.0,0.0,0.0,0.0,0.0,0.0,,,,,,,,,,,,,,,,,,,,0.0,0.0,0.0,0.0,,,,,,,https://www.pro-football-reference.com/players/R/RichTo00.htm/gamelog/
2000,15,2000-12-10,H,A,oiGiwWPf0UqMC,Kansas City,Chiefs,KC,kan,jJBGuksuDJF5L,Carolina,Panthers,CAR,car,Tony Richardson,28.359,1,0,Played,17.0,89.0,5.24,0.0,9.0,8.0,56.0,7.0,0.0,0.889,6.22,,,,,,,,,,,,,0.0,0.0,0.0,0.0,0.0,0.0,0.0,0.0,1.0,1.0,0.0,0.0,0.0,0.0,,,,,,,,,,,,,,,,,,,,0.0,0.0,0.0,0.0,,,,,,,https://www.pro-football-reference.com/players/R/RichTo00.htm/gamelog/
2000,16,2000-12-17,H,A,oiGiwWPf0UqMC,Kansas City,Chiefs,KC,kan,6DclFuycdPaOB,Denver,Broncos,DEN,den,Tony Richardson,29.0,1,0,Played,23.0,156.0,6.78,1.0,5.0,3.0,13.0,4.33,0.0,0.6,2.6,,,,,,,,,,,,,1.0,6.0,0.0,0.0,0.0,0.0,0.0,0.0,0.0,0.0,0.0,0.0,0.0,0.0,,,,,,,,,,,,,,,,,,,,0.0,0.0,0.0,0.0,,,,,,,https://www.pro-football-reference.com/players/R/RichTo00.htm/gamelog/
2000,17,2000-12-24,A,H,oiGiwWPf0UqMC,Kansas City,Chiefs,KC,kan,mLspw4gJNTQGN,Atlanta,Falcons,ATL,atl,Tony Richardson,29.007,1,0,Played,8.0,30.0,3.75,0.0,5.0,4.0,32.0,8.0,0.0,0.8,6.4,,,,,,,,,,,,,0.0,0.0,0.0,0.0,0.0,0.0,0.0,0.0,0.0,0.0,0.0,0.0,0.0,0.0,,,,,,,,,,,,,,,,,,,,0.0,0.0,0.0,0.0,,,,,,,https://www.pro-football-reference.com/players/R/RichTo00.htm/gamelog/
2000,1,2000-09-03,H,A,oiGiwWPf0UqMC,Kansas City,Chiefs,KC,kan,LJmHetie5VbbO,Indianapolis,Colts,IND,ind,Brian Waters,,0,1,Inactive,,,,,,,,,,,,,,,,,,,,,,,,,,,,,,,,,,,,,,,,,,,,,,,,,,,,,,,,,,,,,,,,,,,https://www.pro-football-reference.com/players/W/WateBr55.htm/gamelog/
2000,2,2000-09-10,A,H,oiGiwWPf0UqMC,Kansas City,Chiefs,KC,kan,ltMyRE3yvVUaw,Tennessee,Titans,TEN,ten,Brian Waters,,0,1,Inactive,,,,,,,,,,,,,,,,,,,,,,,,,,,,,,,,,,,,,,,,,,,,,,,,,,,,,,,,,,,,,,,,,,,https://www.pro-football-reference.com/players/W/WateBr55.htm/gamelog/
2000,3,2000-09-17,H,A,oiGiwWPf0UqMC,Kansas City,Chiefs,KC,kan,SjaMbkmeizJD4,Los Angeles,Chargers,LAC,sdg,Brian Waters,,0,1,Inactive,,,,,,,,,,,,,,,,,,,,,,,,,,,,,,,,,,,,,,,,,,,,,,,,,,,,,,,,,,,,,,,,,,,https://www.pro-football-reference.com/players/W/WateBr55.htm/gamelog/
2000,4,2000-09-24,A,H,oiGiwWPf0UqMC,Kansas City,Chiefs,KC,kan,6DclFuycdPaOB,Denver,Broncos,DEN,den,Brian Waters,,0,1,Inactive,,,,,,,,,,,,,,,,,,,,,,,,,,,,,,,,,,,,,,,,,,,,,,,,,,,,,,,,,,,,,,,,,,,https://www.pro-football-reference.com/players/W/WateBr55.htm/gamelog/
2000,5,2000-10-02,H,A,oiGiwWPf0UqMC,Kansas City,Chiefs,KC,kan,4M8AK5p0WXs1N,Seattle,Seahawks,SEA,sea,Brian Waters,,0,1,Inactive,,,,,,,,,,,,,,,,,,,,,,,,,,,,,,,,,,,,,,,,,,,,,,,,,,,,,,,,,,,,,,,,,,,https://www.pro-football-reference.com/players/W/WateBr55.htm/gamelog/
2000,7,2000-10-15,H,A,oiGiwWPf0UqMC,Kansas City,Chiefs,KC,kan,LZoDld8s63xUs,Las Vegas,Raiders,LV,oak,Brian Waters,,0,1,Inactive,,,,,,,,,,,,,,,,,,,,,,,,,,,,,,,,,,,,,,,,,,,,,,,,,,,,,,,,,,,,,,,,,,,https://www.pro-football-reference.com/players/W/WateBr55.htm/gamelog/
2000,8,2000-10-22,H,A,oiGiwWPf0UqMC,Kansas City,Chiefs,KC,kan,u98I1lDKQBwZ0,Los Angeles,Rams,LA,stl,Brian Waters,,0,1,Inactive,,,,,,,,,,,,,,,,,,,,,,,,,,,,,,,,,,,,,,,,,,,,,,,,,,,,,,,,,,,,,,,,,,,https://www.pro-football-reference.com/players/W/WateBr55.htm/gamelog/
2000,9,2000-10-29,A,H,oiGiwWPf0UqMC,Kansas City,Chiefs,KC,kan,4M8AK5p0WXs1N,Seattle,Seahawks,SEA,sea,Brian Waters,,0,1,Inactive,,,,,,,,,,,,,,,,,,,,,,,,,,,,,,,,,,,,,,,,,,,,,,,,,,,,,,,,,,,,,,,,,,,https://www.pro-football-reference.com/players/W/WateBr55.htm/gamelog/
2000,10,2000-11-05,A,H,oiGiwWPf0UqMC,Kansas City,Chiefs,KC,kan,LZoDld8s63xUs,Las Vegas,Raiders,LV,oak,Brian Waters,,0,1,Did Not Play,,,,,,,,,,,,,,,,,,,,,,,,,,,,,,,,,,,,,,,,,,,,,,,,,,,,,,,,,,,,,,,,,,,https://www.pro-football-reference.com/players/W/WateBr55.htm/gamelog/
2000,11,2000-11-12,A,H,oiGiwWPf0UqMC,Kansas City,Chiefs,KC,kan,IwSI92ZDKoazn,San Francisco,49ers,SF,sfo,Brian Waters,,0,1,Inactive,,,,,,,,,,,,,,,,,,,,,,,,,,,,,,,,,,,,,,,,,,,,,,,,,,,,,,,,,,,,,,,,,,,https://www.pro-football-reference.com/players/W/WateBr55.htm/gamelog/
2000,12,2000-11-19,H,A,oiGiwWPf0UqMC,Kansas City,Chiefs,KC,kan,3VqeLK0LS9rpw,Buffalo,Bills,BUF,buf,Brian Waters,23.275,0,0,Played,,,,,,,,,,,,,,,,,,,,,,,,,,0.0,0.0,0.0,0.0,0.0,0.0,0.0,0.0,0.0,0.0,0.0,0.0,,,,,,,,,,,,,,,,,,,,,,,,0.0,0.0,0.0,0.0,0.0,0.0,https://www.pro-football-reference.com/players/W/WateBr55.htm/gamelog/
2000,13,2000-11-26,A,H,oiGiwWPf0UqMC,Kansas City,Chiefs,KC,kan,SjaMbkmeizJD4,Los Angeles,Chargers,LAC,sdg,Brian Waters,23.282,0,0,Played,,,,,,,,,,,,,,,,,,,,,,,,,,0.0,0.0,0.0,0.0,0.0,0.0,0.0,0.0,0.0,0.0,0.0,0.0,,,,,,,,,,,,,,,,,,,,,,,,0.0,0.0,0.0,0.0,0.0,0.0,https://www.pro-football-reference.com/players/W/WateBr55.htm/gamelog/
2000,14,2000-12-04,A,H,oiGiwWPf0UqMC,Kansas City,Chiefs,KC,kan,VkxV91RtzHn65,New England,Patriots,NE,nwe,Brian Waters,23.29,0,0,Played,,,,,,,,,,,,,,,,,,,,,,,,,,0.0,0.0,0.0,0.0,0.0,0.0,0.0,0.0,0.0,0.0,0.0,0.0,,,,,,,,,,,,,,,,,,,,,,,,0.0,0.0,0.0,0.0,0.0,0.0,https://www.pro-football-reference.com/players/W/WateBr55.htm/gamelog/
2000,15,2000-12-10,H,A,oiGiwWPf0UqMC,Kansas City,Chiefs,KC,kan,jJBGuksuDJF5L,Carolina,Panthers,CAR,car,Brian Waters,23.296,0,0,Played,,,,,,,,,,,,,,,,,,,,,,,,,,0.0,0.0,0.0,0.0,0.0,0.0,0.0,0.0,0.0,0.0,0.0,0.0,,,,,,,,,,,,,,,,,,,,,,,,0.0,0.0,0.0,0.0,0.0,0.0,https://www.pro-football-reference.com/players/W/WateBr55.htm/gamelog/
2000,16,2000-12-17,H,A,oiGiwWPf0UqMC,Kansas City,Chiefs,KC,kan,6DclFuycdPaOB,Denver,Broncos,DEN,den,Brian Waters,23.303,0,0,Played,,,,,,,,,,,,,,,,,,,,,,,,,,0.0,0.0,0.0,0.0,0.0,0.0,0.0,0.0,0.0,0.0,0.0,0.0,,,,,,,,,,,,,,,,,,,,,,,,0.0,0.0,0.0,0.0,0.0,0.0,https://www.pro-football-reference.com/players/W/WateBr55.htm/gamelog/
2000,17,2000-12-24,A,H,oiGiwWPf0UqMC,Kansas City,Chiefs,KC,kan,mLspw4gJNTQGN,Atlanta,Falcons,ATL,atl,Brian Waters,23.31,0,0,Played,,,,,,,,,,,,,,,,,,,,,,,,,,0.0,0.0,0.0,0.0,0.0,0.0,0.0,0.0,0.0,0.0,0.0,0.0,,,,,,,,,,,,,,,,,,,,,,,,0.0,0.0,0.0,0.0,0.0,0.0,https://www.pro-football-reference.com/players/W/WateBr55.htm/gamelog/
2000,1,2000-09-03,H,A,oiGiwWPf0UqMC,Kansas City,Chiefs,KC,kan,LJmHetie5VbbO,Indianapolis,Colts,IND,ind,Todd Collins,,0,1,Inactive,,,,,,,,,,,,,,,,,,,,,,,,,,,,,,,,,,,,,,,,,,,,,,,,,,,,,,,,,,,,,,,,,,,https://www.pro-football-reference.com/players/C/CollTo00.htm/gamelog/
2000,2,2000-09-10,A,H,oiGiwWPf0UqMC,Kansas City,Chiefs,KC,kan,ltMyRE3yvVUaw,Tennessee,Titans,TEN,ten,Todd Collins,,0,1,Inactive,,,,,,,,,,,,,,,,,,,,,,,,,,,,,,,,,,,,,,,,,,,,,,,,,,,,,,,,,,,,,,,,,,,https://www.pro-football-reference.com/players/C/CollTo00.htm/gamelog/
2000,3,2000-09-17,H,A,oiGiwWPf0UqMC,Kansas City,Chiefs,KC,kan,SjaMbkmeizJD4,Los Angeles,Chargers,LAC,sdg,Todd Collins,,0,1,Inactive,,,,,,,,,,,,,,,,,,,,,,,,,,,,,,,,,,,,,,,,,,,,,,,,,,,,,,,,,,,,,,,,,,,https://www.pro-football-reference.com/players/C/CollTo00.htm/gamelog/
2000,4,2000-09-24,A,H,oiGiwWPf0UqMC,Kansas City,Chiefs,KC,kan,6DclFuycdPaOB,Denver,Broncos,DEN,den,Todd Collins,,0,1,Inactive,,,,,,,,,,,,,,,,,,,,,,,,,,,,,,,,,,,,,,,,,,,,,,,,,,,,,,,,,,,,,,,,,,,https://www.pro-football-reference.com/players/C/CollTo00.htm/gamelog/
2000,5,2000-10-02,H,A,oiGiwWPf0UqMC,Kansas City,Chiefs,KC,kan,4M8AK5p0WXs1N,Seattle,Seahawks,SEA,sea,Todd Collins,,0,1,Inactive,,,,,,,,,,,,,,,,,,,,,,,,,,,,,,,,,,,,,,,,,,,,,,,,,,,,,,,,,,,,,,,,,,,https://www.pro-football-reference.com/players/C/CollTo00.htm/gamelog/
2000,7,2000-10-15,H,A,oiGiwWPf0UqMC,Kansas City,Chiefs,KC,kan,LZoDld8s63xUs,Las Vegas,Raiders,LV,oak,Todd Collins,,0,1,Inactive,,,,,,,,,,,,,,,,,,,,,,,,,,,,,,,,,,,,,,,,,,,,,,,,,,,,,,,,,,,,,,,,,,,https://www.pro-football-reference.com/players/C/CollTo00.htm/gamelog/
2000,8,2000-10-22,H,A,oiGiwWPf0UqMC,Kansas City,Chiefs,KC,kan,u98I1lDKQBwZ0,Los Angeles,Rams,LA,stl,Todd Collins,,0,1,Inactive,,,,,,,,,,,,,,,,,,,,,,,,,,,,,,,,,,,,,,,,,,,,,,,,,,,,,,,,,,,,,,,,,,,https://www.pro-football-reference.com/players/C/CollTo00.htm/gamelog/
2000,9,2000-10-29,A,H,oiGiwWPf0UqMC,Kansas City,Chiefs,KC,kan,4M8AK5p0WXs1N,Seattle,Seahawks,SEA,sea,Todd Collins,,0,1,Inactive,,,,,,,,,,,,,,,,,,,,,,,,,,,,,,,,,,,,,,,,,,,,,,,,,,,,,,,,,,,,,,,,,,,https://www.pro-football-reference.com/players/C/CollTo00.htm/gamelog/
2000,10,2000-11-05,A,H,oiGiwWPf0UqMC,Kansas City,Chiefs,KC,kan,LZoDld8s63xUs,Las Vegas,Raiders,LV,oak,Todd Collins,,0,1,Inactive,,,,,,,,,,,,,,,,,,,,,,,,,,,,,,,,,,,,,,,,,,,,,,,,,,,,,,,,,,,,,,,,,,,https://www.pro-football-reference.com/players/C/CollTo00.htm/gamelog/
2000,11,2000-11-12,A,H,oiGiwWPf0UqMC,Kansas City,Chiefs,KC,kan,IwSI92ZDKoazn,San Francisco,49ers,SF,sfo,Todd Collins,,0,1,Inactive,,,,,,,,,,,,,,,,,,,,,,,,,,,,,,,,,,,,,,,,,,,,,,,,,,,,,,,,,,,,,,,,,,,https://www.pro-football-reference.com/players/C/CollTo00.htm/gamelog/
2000,12,2000-11-19,H,A,oiGiwWPf0UqMC,Kansas City,Chiefs,KC,kan,3VqeLK0LS9rpw,Buffalo,Bills,BUF,buf,Todd Collins,,0,1,Inactive,,,,,,,,,,,,,,,,,,,,,,,,,,,,,,,,,,,,,,,,,,,,,,,,,,,,,,,,,,,,,,,,,,,https://www.pro-football-reference.com/players/C/CollTo00.htm/gamelog/
2000,13,2000-11-26,A,H,oiGiwWPf0UqMC,Kansas City,Chiefs,KC,kan,SjaMbkmeizJD4,Los Angeles,Chargers,LAC,sdg,Todd Collins,,0,1,Did Not Play,,,,,,,,,,,,,,,,,,,,,,,,,,,,,,,,,,,,,,,,,,,,,,,,,,,,,,,,,,,,,,,,,,,https://www.pro-football-reference.com/players/C/CollTo00.htm/gamelog/
2000,14,2000-12-04,A,H,oiGiwWPf0UqMC,Kansas City,Chiefs,KC,kan,VkxV91RtzHn65,New England,Patriots,NE,nwe,Todd Collins,,0,1,Did Not Play,,,,,,,,,,,,,,,,,,,,,,,,,,,,,,,,,,,,,,,,,,,,,,,,,,,,,,,,,,,,,,,,,,,https://www.pro-football-reference.com/players/C/CollTo00.htm/gamelog/
2000,15,2000-12-10,H,A,oiGiwWPf0UqMC,Kansas City,Chiefs,KC,kan,jJBGuksuDJF5L,Carolina,Panthers,CAR,car,Todd Collins,,0,1,Did Not Play,,,,,,,,,,,,,,,,,,,,,,,,,,,,,,,,,,,,,,,,,,,,,,,,,,,,,,,,,,,,,,,,,,,https://www.pro-football-reference.com/players/C/CollTo00.htm/gamelog/
2000,16,2000-12-17,H,A,oiGiwWPf0UqMC,Kansas City,Chiefs,KC,kan,6DclFuycdPaOB,Denver,Broncos,DEN,den,Todd Collins,,0,1,Did Not Play,,,,,,,,,,,,,,,,,,,,,,,,,,,,,,,,,,,,,,,,,,,,,,,,,,,,,,,,,,,,,,,,,,,https://www.pro-football-reference.com/players/C/CollTo00.htm/gamelog/
2000,17,2000-12-24,A,H,oiGiwWPf0UqMC,Kansas City,Chiefs,KC,kan,mLspw4gJNTQGN,Atlanta,Falcons,ATL,atl,Todd Collins,,0,1,Did Not Play,,,,,,,,,,,,,,,,,,,,,,,,,,,,,,,,,,,,,,,,,,,,,,,,,,,,,,,,,,,,,,,,,,,https://www.pro-football-reference.com/players/C/CollTo00.htm/gamelog/
